frequency_hz,H_LP_magnitude_db,H_LP_phase_deg,H_PI_magnitude_db,H_PI_phase_deg,H_combined_magnitude_db,H_combined_phase_deg
0.1,-4.33449295537e-08,-0.00572399998096,66.007237294,90.0286919976,66.0072372507,90.0229679976
0.100461733294,-4.37461283549e-08,-0.00575042959442,65.9672239663,90.0288244781,65.9672239226,90.0230740485
0.100925598564,-4.41510417456e-08,-0.0057769812422,65.9272106387,90.0289575703,65.9272105945,90.023180589
0.101391605654,-4.45597044414e-08,-0.00580365548778,65.8871973112,90.029091277,65.8871972666,90.0232876215
0.101859764454,-4.4972147301e-08,-0.00583045289723,65.8471839838,90.0292256011,65.8471839388,90.0233951482
0.102330084899,-4.53884088974e-08,-0.00585737403924,65.8071706564,90.0293605454,65.8071706111,90.0235031714
0.102802576971,-4.58085249107e-08,-0.00588441948512,65.7671573292,90.0294961128,65.7671572834,90.0236116933
0.103277250695,-4.6232528128e-08,-0.00591158980882,65.7271440021,90.0296323061,65.7271439559,90.0237207163
0.103754116146,-4.66604561582e-08,-0.00593888558695,65.6871306751,90.0297691283,65.6871306284,90.0238302427
0.104233183444,-4.7092343717e-08,-0.00596630739878,65.6471173481,90.0299065823,65.647117301,90.0239402749
0.104714462755,-4.75282293776e-08,-0.00599385582624,65.6071040213,90.0300446709,65.6071039738,90.0240508151
0.105197964293,-4.79681497843e-08,-0.00602153145396,65.5670906946,90.0301833971,65.5670906466,90.0241618657
0.105683698318,-4.84121435102e-08,-0.00604933486926,65.527077368,90.0303227639,65.5270773196,90.024273429
0.106171675139,-4.88602452712e-08,-0.00607726666218,65.4870640414,90.0304627742,65.4870639926,90.0243855075
0.106661905112,-4.93124955691e-08,-0.00610532742549,65.447050715,90.0306034309,65.4470506657,90.0244981035
0.107154398639,-4.97689310481e-08,-0.00613351775468,65.4070373887,90.0307447371,65.4070373389,90.0246112194
0.107649166173,-5.02295902815e-08,-0.00616183824801,65.3670240625,90.0308866958,65.3670240123,90.0247248575
0.108146218214,-5.06945156997e-08,-0.00619028950647,65.3270107364,90.0310293099,65.3270106857,90.0248390204
0.108645565309,-5.11637439471e-08,-0.00621887213387,65.2869974104,90.0311725825,65.2869973593,90.0249537104
0.109147218056,-5.16373135968e-08,-0.00624758673677,65.2469840845,90.0313165167,65.2469840329,90.0250689299
0.109651187101,-5.21152690079e-08,-0.00627643392455,65.2069707588,90.0314611154,65.2069707067,90.0251846815
0.110157483139,-5.25976468248e-08,-0.0063054143094,65.1669574331,90.0316063819,65.1669573805,90.0253009675
0.110666116914,-5.30844894779e-08,-0.00633452850633,65.1269441076,90.031752319,65.1269440545,90.0254177905
0.11117709922,-5.35758393976e-08,-0.0063637771332,65.0869307821,90.03189893,65.0869307286,90.0255351529
0.111690440902,-5.40717351571e-08,-0.00639316081071,65.0469174568,90.032046218,65.0469174027,90.0256530572
0.112206152854,-5.4572223044e-08,-0.00642268016244,65.0069041316,90.032194186,65.006904077,90.0257715058
0.112724246019,-5.50773435602e-08,-0.00645233581484,64.9668908065,90.0323428372,64.9668907514,90.0258905014
0.113244731393,-5.55871372072e-08,-0.00648212839726,64.9268774816,90.0324921748,64.926877426,90.0260100465
0.113767620021,-5.61016512374e-08,-0.00651205854195,64.8868641567,90.032642202,64.8868641006,90.0261301435
0.114292923,-5.66209261522e-08,-0.00654212688407,64.846850832,90.0327929219,64.8468507754,90.026250795
0.114820651477,-5.71450092039e-08,-0.00657233406174,64.8068375074,90.0329443377,64.8068374502,90.0263720036
0.115350816653,-5.76739428228e-08,-0.006602680716,64.7668241829,90.0330964526,64.7668241252,90.0264937719
0.115883429778,-5.8207771368e-08,-0.00663316749087,64.7268108585,90.0332492699,64.7268108003,90.0266161024
0.116418502155,-5.87465430558e-08,-0.00666379503332,64.6867975343,90.0334027929,64.6867974755,90.0267389978
0.11695604514,-5.92902983881e-08,-0.00669456399332,64.6467842101,90.0335570246,64.6467841509,90.0268624606
0.117496070139,-5.98390894385e-08,-0.00672547502386,64.6067708862,90.0337119686,64.6067708263,90.0269864935
0.118038588613,-6.03929586373e-08,-0.00675652878091,64.5667575623,90.0338676279,64.5667575019,90.0271110991
0.118583612076,-6.09519561297e-08,-0.00678772592349,64.5267442386,90.034024006,64.5267441776,90.0272362801
0.119131152094,-6.15161262747e-08,-0.00681906711366,64.486730915,90.0341811061,64.4867308534,90.027362039
0.119681220286,-6.20855192174e-08,-0.00685055301654,64.4467175915,90.0343389316,64.4467175294,90.0274883786
0.120233828327,-6.26601812454e-08,-0.00688218430031,64.4067042681,90.0344974859,64.4067042055,90.0276153016
0.120788987942,-6.32401625038e-08,-0.00691396163625,64.3666909449,90.0346567722,64.3666908817,90.0277428106
0.121346710914,-6.38255131375e-08,-0.00694588569871,64.3266776219,90.034816794,64.326677558,90.0278709083
0.121907009079,-6.44162813631e-08,-0.0069779571652,64.2866642989,90.0349775547,64.2866642345,90.0279995975
0.122469894328,-6.50125173255e-08,-0.00701017671633,64.2466509761,90.0351390577,64.2466509111,90.028128881
0.123035378604,-6.56142711697e-08,-0.00704254503584,64.2066376535,90.0353013064,64.2066375879,90.0282587613
0.12360347391,-6.62215968982e-08,-0.00707506281066,64.1666243309,90.0354643042,64.1666242647,90.0283892414
0.124174192301,-6.68345427272e-08,-0.00710773073087,64.1266110086,90.0356280547,64.1266109417,90.0285203239
0.124747545889,-6.7453162659e-08,-0.00714054948973,64.0865976863,90.0357925612,64.0865976189,90.0286520117
0.125323546842,-6.80775087675e-08,-0.00717351978373,64.0465843642,90.0359578273,64.0465842962,90.0287843076
0.125902207382,-6.87076331263e-08,-0.00720664231254,64.0065710423,90.0361238566,64.0065709736,90.0289172142
0.126483539791,-6.93435897376e-08,-0.0072399177791,63.9665577205,90.0362906524,63.9665576512,90.0290507346
0.127067556405,-6.99854326039e-08,-0.00727334688956,63.9265443988,90.0364582184,63.9265443289,90.0291848715
0.127654269618,-7.06332176562e-08,-0.00730693035334,63.8865310773,90.036626558,63.8865310067,90.0293196277
0.128243691882,-7.1286996968e-08,-0.00734066888315,63.846517756,90.036795675,63.8465176847,90.0294550061
0.128835835704,-7.19468283992e-08,-0.00737456319499,63.8065044348,90.0369655729,63.8065043628,90.0295910097
0.129430713652,-7.26127669163e-08,-0.00740861400814,63.7664911137,90.0371362552,63.7664910411,90.0297276412
0.130028338349,-7.32848684503e-08,-0.00744282204522,63.7264777928,90.0373077256,63.7264777196,90.0298649035
0.130628722478,-7.39631918253e-08,-0.0074771880322,63.6864644721,90.0374799877,63.6864643981,90.0300027997
0.131231878781,-7.46477949008e-08,-0.00751171269838,63.6464511515,90.0376530452,63.6464510769,90.0301413325
0.131837820057,-7.53387336079e-08,-0.00754639677642,63.6064378311,90.0378269018,63.6064377558,90.0302805051
0.132446559166,-7.60360677349e-08,-0.0075812410024,63.5664245109,90.0380015612,63.5664244348,90.0304203202
0.133058109026,-7.673985707e-08,-0.00761624611577,63.5264111908,90.038177027,63.526411114,90.0305607809
0.133672482615,-7.7450159473e-08,-0.00765141285939,63.4863978708,90.038353303,63.4863977934,90.0307018901
0.134289692971,-7.81670366607e-08,-0.00768674197957,63.4463845511,90.0385303929,63.4463844729,90.0308436509
0.134909753194,-7.88905503502e-08,-0.00772223422605,63.4063712315,90.0387083005,63.4063711526,90.0309860663
0.135532676441,-7.96207612941e-08,-0.00775789035205,63.366357912,90.0388870296,63.3663578324,90.0311291392
0.136158475931,-8.03577292806e-08,-0.00779371111425,63.3263445928,90.0390665839,63.3263445124,90.0312728727
0.136787164947,-8.11015189198e-08,-0.00782969727282,63.2863312737,90.0392469672,63.2863311926,90.03141727
0.137418756829,-8.18521938572e-08,-0.00786584959147,63.2463179548,90.0394281835,63.2463178729,90.0315623339
0.138053264981,-8.26098177385e-08,-0.00790216883739,63.206304636,90.0396102365,63.2063045534,90.0317080676
0.138690702868,-8.33744522806e-08,-0.00793865578137,63.1662913174,90.0397931301,63.1662912341,90.0318544743
0.139331084018,-8.41461649864e-08,-0.0079753111977,63.1262779991,90.0399768681,63.1262779149,90.0320015569
0.139974422022,-8.49250214303e-08,-0.00801213586429,63.0862646809,90.0401614546,63.0862645959,90.0321493187
0.140620730531,-8.57110842934e-08,-0.00804913056262,63.0462513628,90.0403468933,63.0462512771,90.0322977628
0.141270023261,-8.65044249361e-08,-0.00808629607778,63.006238045,90.0405331883,63.0062379585,90.0324468922
0.141922313992,-8.73051098969e-08,-0.00812363319849,62.9662247273,90.0407203435,62.96622464,90.0325967103
0.142577616567,-8.81132047501e-08,-0.00816114271711,62.9262114098,90.0409083628,62.9262113217,90.0327472201
0.143235944892,-8.89287789272e-08,-0.00819882542966,62.8861980926,90.0410972503,62.8861980036,90.0328984248
0.143897312938,-8.975190186e-08,-0.00823668213584,62.8461847755,90.0412870099,62.8461846857,90.0330503277
0.144561734741,-9.05826449085e-08,-0.00827471363902,62.8061714585,90.0414776457,62.806171368,90.033202932
0.1452292244,-9.14210755758e-08,-0.0083129207463,62.7661581418,90.0416691617,62.7661580504,90.033356241
0.145899796081,-9.22672671507e-08,-0.00835130426852,62.7261448253,90.041861562,62.7261447331,90.0335102578
0.146573464015,-9.31212929221e-08,-0.00838986502023,62.686131509,90.0420548507,62.6861314159,90.0336649857
0.147250242497,-9.39832223216e-08,-0.00842860381976,62.6461181929,90.0422490319,62.6461180989,90.0338204281
0.147930145892,-9.4853128638e-08,-0.00846752148921,62.606104877,90.0424441097,62.6061047821,90.0339765882
0.148613188627,-9.57310890176e-08,-0.0085066188545,62.5660915612,90.0426400882,62.5660914655,90.0341334694
0.149299385197,-9.66171748207e-08,-0.00854589674533,62.5260782457,90.0428369716,62.5260781491,90.0342910749
0.149988750166,-9.75114603003e-08,-0.00858535599525,62.4860649304,90.0430347641,62.4860648329,90.0344494081
0.150681298162,-9.84140245315e-08,-0.00862499744165,62.4460516153,90.0432334699,62.4460515169,90.0346084724
0.151377043883,-9.9324943696e-08,-0.00866482192581,62.4060383004,90.0434330931,62.4060382011,90.0347682712
0.152076002094,-1.0024429494e-07,-0.00870483029286,62.3660249857,90.0436336381,62.3660248855,90.0349288078
0.152778187627,-1.01172153481e-07,-0.00874502339185,62.3260116713,90.043835109,62.3260115701,90.0350900856
0.153483615384,-1.02108602252e-07,-0.00878540207575,62.285998357,90.0440375103,62.2859982549,90.0352521082
0.154192300337,-1.03053719362e-07,-0.00882596720147,62.245985043,90.044240846,62.2459849399,90.0354148788
0.154904257524,-1.04007581958e-07,-0.00886671962987,62.2059717292,90.0444451207,62.2059716252,90.035578401
0.155619502054,-1.04970275866e-07,-0.0089076602258,62.1659584156,90.0446503385,62.1659583106,90.0357426783
0.156338049106,-1.0594187823e-07,-0.00894878985807,62.1259451022,90.0448565039,62.1259449963,90.035907714
0.157059913929,-1.06922475842e-07,-0.00899010939955,62.0859317891,90.0450636212,62.0859316822,90.0360735118
0.157785111843,-1.07912146811e-07,-0.00903161972709,62.0459184762,90.0452716949,62.0459183683,90.0362400751
0.158513658237,-1.08910979855e-07,-0.00907332172163,62.0059051635,90.0454807293,62.0059050546,90.0364074075
0.159245568572,-1.09919058872e-07,-0.00911521626814,61.965891851,90.0456907288,61.9658917411,90.0365755126
0.15998085838,-1.10936468721e-07,-0.00915730425572,61.9258785388,90.0459016981,61.9258784279,90.0367443938
0.160719543267,-1.11963294264e-07,-0.00919958657754,61.8858652268,90.0461136414,61.8858651149,90.0369140548
0.161461638908,-1.12999626147e-07,-0.00924206413091,61.8458519151,90.0463265633,61.8458518021,90.0370844992
0.162207161051,-1.14045547303e-07,-0.00928473781727,61.8058386036,90.0465404684,61.8058384895,90.0372557306
0.162956125518,-1.15101152235e-07,-0.00932760854224,61.7658252923,90.0467553612,61.7658251772,90.0374277526
0.163708548203,-1.16166527734e-07,-0.00937067721561,61.7258119813,90.0469712461,61.7258118652,90.0376005689
0.164464445075,-1.17241761553e-07,-0.00941394475138,61.6857986706,90.0471881279,61.6857985533,90.0377741832
0.165223832174,-1.18326950124e-07,-0.00945741206775,61.6457853601,90.0474060111,61.6457852417,90.037948599
0.165986725616,-1.1942218313e-07,-0.00950108008718,61.6057720498,90.0476249003,61.6057719304,90.0381238203
0.166753141591,-1.20527553147e-07,-0.00954494973638,61.5657587398,90.0478448003,61.5657586193,90.0382998505
0.167523096364,-1.21643153715e-07,-0.00958902194635,61.52574543,90.0480657155,61.5257453084,90.0384766936
0.168296606274,-1.22769081266e-07,-0.00963329765238,61.4857321205,90.0482876508,61.4857319978,90.0386543532
0.169073687738,-1.23905431268e-07,-0.00967777779407,61.4457188113,90.0485106109,61.4457186874,90.0388328331
0.169854357245,-1.25052298225e-07,-0.00972246331537,61.4057055024,90.0487346004,61.4057053773,90.0390121371
0.170638631363,-1.26209779536e-07,-0.00976735516459,61.3656921937,90.0489596242,61.3656920675,90.039192269
0.171426526735,-1.27377975489e-07,-0.0098124542944,61.3256788852,90.049185687,61.3256787579,90.0393732327
0.172218060083,-1.28556983482e-07,-0.00985776166191,61.2856655771,90.0494127935,61.2856654485,90.0395550319
0.173013248204,-1.29746905734e-07,-0.0099032782286,61.2456522692,90.0496409488,61.2456521394,90.0397376705
0.173812107974,-1.30947842535e-07,-0.00994900496042,61.2056389616,90.0498701574,61.2056388306,90.0399211525
0.174614656345,-1.32159894174e-07,-0.00999494282778,61.1656256543,90.0501004244,61.1656255221,90.0401054816
0.175420910348,-1.3338316287e-07,-0.0100410928055,61.1256123472,90.0503317547,61.1256122138,90.0402906618
0.176230887095,-1.34617755665e-07,-0.0100874558731,61.0855990405,90.050564153,61.0855989058,90.0404766971
0.177044603775,-1.35863774776e-07,-0.0101340330144,61.045585734,90.0507976244,61.0455855981,90.0406635914
0.177862077655,-1.37121329172e-07,-0.0101808252178,61.0055724278,90.0510321738,61.0055722907,90.0408513486
0.178683326084,-1.38390522037e-07,-0.0102278334764,60.9655591219,90.0512678062,60.9655589835,90.0410399728
0.179508366491,-1.39671463304e-07,-0.0102750587878,60.9255458163,90.0515045266,60.9255456767,90.0412294679
0.180337216384,-1.40964260013e-07,-0.0103225021541,60.885532511,90.0517423401,60.8855323701,90.0414198379
0.181169893353,-1.42269023062e-07,-0.0103701645823,60.845519206,90.0519812515,60.8455190638,90.041611087
0.182006415068,-1.43585862384e-07,-0.0104180470837,60.8055059013,90.0522212662,60.8055057578,90.0418032191
0.182846799283,-1.44914890806e-07,-0.0104661506745,60.765492597,90.052462389,60.765492452,90.0419962383
0.183691063832,-1.46256222118e-07,-0.0105144763757,60.7254792929,90.0527046252,60.7254791466,90.0421901488
0.184539226631,-1.47609966254e-07,-0.0105630252127,60.6854659891,90.0529479798,60.6854658415,90.0423849546
0.18539130568,-1.48976241825e-07,-0.0106117982158,60.6454526857,90.0531924581,60.6454525367,90.0425806599
0.186247319062,-1.50355164552e-07,-0.0106607964201,60.6054393825,90.0534380653,60.6054392322,90.0427772689
0.187107284942,-1.51746849189e-07,-0.0107100208653,60.5654260797,90.0536848065,60.565425928,90.0429747856
0.187971221571,-1.53151416277e-07,-0.0107594725963,60.5254127772,90.053932687,60.5254126241,90.0431732144
0.188839147284,-1.54568983463e-07,-0.0108091526623,60.4853994751,90.054181712,60.4853993205,90.0433725593
0.189711080498,-1.55999672255e-07,-0.0108590621177,60.4453861732,90.0544318868,60.4453860172,90.0435728247
0.190587039718,-1.57443602227e-07,-0.0109092020217,60.4053728717,90.0546832168,60.4053727143,90.0437740148
0.191467043534,-1.58900897778e-07,-0.0109595734382,60.3653595706,90.0549357073,60.3653594117,90.0439761339
0.19235111062,-1.60371682343e-07,-0.0110101774364,60.3253462697,90.0551893636,60.3253461094,90.0441791862
0.193239259739,-1.61856080318e-07,-0.01106101509,60.2853329693,90.0554441911,60.2853328074,90.044383176
0.194131509737,-1.63354217068e-07,-0.011112087478,60.2453196691,90.0557001952,60.2453195058,90.0445881077
0.195027879551,-1.64866220847e-07,-0.0111633956842,60.2053063693,90.0559573814,60.2053062045,90.0447939857
0.195928388203,-1.6639222184e-07,-0.0112149407975,60.1652930699,90.0562157551,60.1652929035,90.0450008143
0.196833054803,-1.67932345409e-07,-0.0112667239117,60.1252797708,90.0564753218,60.1252796029,90.0452085979
0.19774189855,-1.69486724632e-07,-0.0113187461257,60.0852664721,90.056736087,60.0852663026,90.0454173409
0.198654938731,-1.71055490656e-07,-0.0113710085436,60.0452531737,90.0569980562,60.0452530027,90.0456270477
0.199572194722,-1.72638777525e-07,-0.0114235122745,60.0052398757,90.057261235,60.0052397031,90.0458377228
0.20049368599,-1.74236720242e-07,-0.0114762584326,59.9652265781,90.0575256291,59.9652264039,90.0460493706
0.20141943209,-1.75849452851e-07,-0.0115292481372,59.9252132808,90.0577912439,59.925213105,90.0462619957
0.202349452667,-1.77477113249e-07,-0.0115824825129,59.885199984,90.0580580851,59.8851998065,90.0464756026
0.20328376746,-1.79119839336e-07,-0.0116359626894,59.8451866875,90.0583261584,59.8451865083,90.0466901957
0.204222396295,-1.80777768047e-07,-0.0116896898017,59.8051733913,90.0585954695,59.8051732106,90.0469057797
0.205165359091,-1.82451045958e-07,-0.0117436649899,59.7651600956,90.0588660241,59.7651599132,90.0471223591
0.206112675861,-1.84139810969e-07,-0.0117978893996,59.7251468003,90.059137828,59.7251466161,90.0473399386
0.207064366708,-1.858442058e-07,-0.0118523641813,59.6851335053,90.0594108868,59.6851333195,90.0475585226
0.208020451828,-1.87564376064e-07,-0.0119070904912,59.6451202107,90.0596852064,59.6451200232,90.047778116
0.208980951512,-1.89300471234e-07,-0.0119620694907,59.6051069166,90.0599607927,59.6051067273,90.0479987232
0.209945886142,-1.91052633064e-07,-0.0120173023466,59.5650936228,90.0602376515,59.5650934318,90.0482203491
0.210915276197,-1.92821011989e-07,-0.0120727902309,59.5250803295,90.0605157885,59.5250801367,90.0484429983
0.211889142249,-1.94605760374e-07,-0.0121285343212,59.4850670365,90.0607952099,59.4850668419,90.0486666756
0.212867504964,-1.96407029618e-07,-0.0121845358005,59.445053744,90.0610759214,59.4450535476,90.0488913856
0.213850385106,-1.98224969192e-07,-0.0122407958572,59.4050404519,90.061357929,59.4050402537,90.0491171332
0.214837803532,-2.00059738209e-07,-0.0122973156854,59.3650271602,90.0616412388,59.3650269602,90.0493439231
0.215829781198,-2.0191148807e-07,-0.0123540964843,59.325013869,90.0619258567,59.3250136671,90.0495717602
0.216826339156,-2.03780376923e-07,-0.0124111394591,59.2850005782,90.0622117888,59.2850003744,90.0498006493
0.217827498553,-2.05666564848e-07,-0.0124684458203,59.2449872878,90.0624990411,59.2449870821,90.0500305953
0.218833280636,-2.07570211922e-07,-0.0125260167841,59.2049739978,90.0627876197,59.2049737903,90.050261603
0.21984370675,-2.09491478224e-07,-0.0125838535721,59.1649607083,90.0630775309,59.1649604988,90.0504936773
0.220858798338,-2.11430529619e-07,-0.0126419574117,59.1249474193,90.0633687806,59.1249472078,90.0507268232
0.221878576942,-2.13387527148e-07,-0.0127003295362,59.0849341307,90.0636613751,59.0849339173,90.0509610456
0.222903064203,-2.15362637641e-07,-0.0127589711841,59.0449208425,90.0639553206,59.0449206271,90.0511963494
0.223932281863,-2.1735603082e-07,-0.0128178836,59.0049075548,90.0642506234,59.0049073375,90.0514327398
0.224966251764,-2.19367874477e-07,-0.0128770680341,58.9648942676,90.0645472896,58.9648940482,90.0516702216
0.226004995847,-2.21398342191e-07,-0.0129365257425,58.9248809808,90.0648453257,58.9248807594,90.0519088
0.227048536158,-2.23447600791e-07,-0.0129962579868,58.8848676945,90.0651447379,58.8848674711,90.0521484799
0.228096894843,-2.25515830607e-07,-0.0130562660348,58.8448544087,90.0654455326,58.8448541832,90.0523892666
0.229150094148,-2.27603201359e-07,-0.0131165511599,58.8048411234,90.0657477162,58.8048408958,90.052631165
0.230208156425,-2.29709893377e-07,-0.0131771146414,58.7648278385,90.066051295,58.7648276088,90.0528741803
0.231271104127,-2.31836084098e-07,-0.0132379577647,58.7248145542,90.0663562755,58.7248143224,90.0531183178
0.232338959814,-2.33981955779e-07,-0.0132990818209,58.6848012703,90.0666626643,58.6848010363,90.0533635824
0.233411746145,-2.36147687786e-07,-0.0133604881072,58.644787987,90.0669704677,58.6447877508,90.0536099796
0.234489485888,-2.3833347009e-07,-0.0134221779267,58.6047747041,90.0672796924,58.6047744658,90.0538575144
0.235572201915,-2.40539480128e-07,-0.0134841525887,58.5647614218,90.0675903448,58.5647611812,90.0541061922
0.236659917201,-2.42765909802e-07,-0.0135464134082,58.5247481399,90.0679024317,58.5247478971,90.0543560182
0.237752654832,-2.4501294619e-07,-0.0136089617066,58.4847348586,90.0682159595,58.4847346136,90.0546069978
0.238850437996,-2.47280783123e-07,-0.0136717988114,58.4447215778,90.068530935,58.4447213305,90.0548591362
0.23995328999,-2.49569611537e-07,-0.0137349260559,58.4047082975,90.0688473648,58.404708048,90.0551124388
0.241061234219,-2.51879623334e-07,-0.0137983447799,58.3646950178,90.0691652557,58.3646947659,90.0553669109
0.242174294195,-2.54211017165e-07,-0.0138620563293,58.3246817386,90.0694846144,58.3246814844,90.0556225581
0.24329249354,-2.56563990718e-07,-0.013926062056,58.2846684599,90.0698054477,58.2846682034,90.0558793857
0.244415855983,-2.58938744572e-07,-0.0139903633184,58.2446551818,90.0701277624,58.2446549229,90.0561373991
0.245544405365,-2.61335477378e-07,-0.0140549614812,58.2046419043,90.0704515653,58.2046416429,90.0563966038
0.246678165635,-2.63754395504e-07,-0.0141198579151,58.1646286273,90.0707768633,58.1646283635,90.0566570054
0.247817160854,-2.66195701458e-07,-0.0141850539975,58.1246153508,90.0711036633,58.1246150846,90.0569186093
0.248961415193,-2.68659604499e-07,-0.0142505511118,58.0846020749,90.0714319722,58.0846018063,90.0571814211
0.250110952935,-2.71146313885e-07,-0.0143163506481,58.0445887996,90.0717617971,58.0445885285,90.0574454464
0.251265798476,-2.73656040806e-07,-0.0143824540027,58.0045755249,90.0720931449,58.0045752513,90.0577106908
0.252425976323,-2.76188997412e-07,-0.0144488625784,57.9645622508,90.0724260226,57.9645619746,90.05797716
0.253591511097,-2.78745398749e-07,-0.0145155777847,57.9245489772,90.0727604373,57.9245486985,90.0582448595
0.254762427534,-2.8132546179e-07,-0.0145826010372,57.8845357043,90.0730963961,57.884535423,90.058513795
0.255938750481,-2.83929406403e-07,-0.0146499337583,57.8445224319,90.0734339061,57.844522148,90.0587839723
0.257120504904,-2.8655745149e-07,-0.014717577377,57.8045091602,90.0737729745,57.8045088736,90.0590553971
0.258307715879,-2.89209823667e-07,-0.0147855333287,57.7644958891,90.0741136085,57.7644955998,90.0593280752
0.259500408604,-2.91886745694e-07,-0.0148538030557,57.7244826185,90.0744558153,57.7244823266,90.0596020123
0.260698608387,-2.94588445153e-07,-0.0149223880067,57.6844693486,90.0747996022,57.684469054,90.0598772142
0.261902340658,-2.97315151554e-07,-0.0149912896372,57.6444560794,90.0751449765,57.6444557821,90.0601536869
0.263111630961,-3.00067096334e-07,-0.0150605094094,57.6044428107,90.0754919455,57.6044425107,90.0604314361
0.264326504961,-3.02844511898e-07,-0.0151300487923,57.5644295427,90.0758405165,57.5644292399,90.0607104677
0.265546988438,-3.0564763547e-07,-0.0151999092616,57.5244162754,90.076190697,57.5244159697,90.0609907878
0.266773107294,-3.08476707166e-07,-0.0152700923,57.4844030087,90.0765424944,57.4844027002,90.0612724021
0.268004887549,-3.11331962284e-07,-0.0153405993967,57.4443897427,90.0768959162,57.4443894313,90.0615553168
0.269242355343,-3.14213646727e-07,-0.0154114320482,57.4043764773,90.0772509698,57.4043761631,90.0618395377
0.270485536938,-3.17122003505e-07,-0.0154825917575,57.3643632126,90.0776076628,57.3643628955,90.062125071
0.271734458717,-3.20057280451e-07,-0.0155540800348,57.3243499486,90.0779660028,57.3243496285,90.0624119227
0.272989147183,-3.23019725396e-07,-0.0156258983973,57.2843366852,90.0783259973,57.2843363622,90.0627000989
0.274249628963,-3.26009590995e-07,-0.015698048369,57.2443234225,90.0786876541,57.2443230965,90.0629896057
0.275515930808,-3.2902713183e-07,-0.0157705314812,57.2043101606,90.0790509807,57.2043098316,90.0632804492
0.276788079589,-3.32072600555e-07,-0.0158433492719,57.1642968993,90.0794159849,57.1642965673,90.0635726357
0.278066102306,-3.35146261396e-07,-0.0159165032865,57.1242836388,90.0797826745,57.1242833036,90.0638661712
0.279350026078,-3.38248368934e-07,-0.0159899950776,57.0842703789,90.0801510572,57.0842700407,90.0641610621
0.280639878154,-3.41379191254e-07,-0.0160638262046,57.0442571198,90.0805211408,57.0442567784,90.0644573146
0.281935685907,-3.44538992581e-07,-0.0161379982345,57.0042438614,90.0808929333,57.0042435169,90.064754935
0.283237476835,-3.47728040998e-07,-0.0162125127413,56.9642306038,90.0812664424,56.9642302561,90.0650539296
0.284545278566,-3.50946606517e-07,-0.0162873713064,56.9242173469,90.0816416761,56.9242169959,90.0653543048
0.285859118852,-3.54194963006e-07,-0.0163625755183,56.8842040907,90.0820186424,56.8842037365,90.0656560668
0.287179025577,-3.57473387228e-07,-0.016438126973,56.8441908353,90.0823973492,56.8441904778,90.0659592222
0.28850502675,-3.60782154017e-07,-0.0165140272739,56.8041775807,90.0827778047,56.8041772199,90.0662637774
0.289837150512,-3.64121548813e-07,-0.0165902780317,56.7641643268,90.0831600168,56.7641639627,90.0665697388
0.291175425133,-3.67491853199e-07,-0.0166668808645,56.7241510737,90.0835439938,56.7241507062,90.0668771129
0.292519879014,-3.70893351654e-07,-0.0167438373981,56.6841378214,90.0839297437,56.6841374505,90.0671859063
0.293870540686,-3.74326335402e-07,-0.0168211492656,56.6441245699,90.0843172747,56.6441241955,90.0674961254
0.295227438812,-3.77791094708e-07,-0.0168988181076,56.6041113191,90.084706595,56.6041109413,90.0678077769
0.296590602189,-3.81287923691e-07,-0.0169768455725,56.5640980692,90.085097713,56.5640976879,90.0681208674
0.297960059745,-3.84817117435e-07,-0.0170552333161,56.5240848201,90.0854906369,56.5240844353,90.0684354036
0.299335840543,-3.88378980668e-07,-0.0171339830019,56.4840715718,90.085885375,56.4840711835,90.068751392
0.300717973778,-3.91973810402e-07,-0.0172130963012,56.4440583244,90.0862819358,56.4440579324,90.0690688395
0.302106488783,-3.95601913295e-07,-0.0172925748929,56.4040450778,90.0866803276,56.4040446822,90.0693877527
0.303501415024,-3.99263599859e-07,-0.0173724204636,56.364031832,90.0870805589,56.3640314327,90.0697081385
0.304902782103,-4.02959175786e-07,-0.0174526347078,56.3240185871,90.0874826383,56.3240181841,90.0700300036
0.306310619761,-4.06688960269e-07,-0.0175332193279,56.284005343,90.0878865741,56.2840049363,90.0703533548
0.307724957875,-4.10453268643e-07,-0.0176141760338,56.2439920998,90.088292375,56.2439916893,90.070678199
0.309145826458,-4.14252417207e-07,-0.0176955065438,56.2039788575,90.0887000497,56.2039784432,90.0710045431
0.310573255665,-4.18086731904e-07,-0.0177772125838,56.163965616,90.0891096067,56.1639651979,90.0713323941
0.312007275787,-4.21956536748e-07,-0.0178592958876,56.1239523755,90.0895210547,56.1239519535,90.0716617588
0.313447917258,-4.25862159611e-07,-0.0179417581974,56.0839391358,90.0899344026,56.08393871,90.0719926444
0.31489521065,-4.29803935114e-07,-0.018024601263,56.0439258971,90.090349659,56.0439254673,90.0723250577
0.316349186677,-4.33782192093e-07,-0.0181078268425,56.0039126593,90.0907668327,56.0039122255,90.0726590059
0.317809876196,-4.37797272885e-07,-0.0181914367022,55.9638994224,90.0911859327,55.9638989846,90.072994496
0.319277310205,-4.41849519825e-07,-0.0182754326164,55.9238861864,90.0916069678,55.9238857446,90.0733315352
0.320751519845,-4.45939271393e-07,-0.0183598163675,55.8838729514,90.0920299469,55.8838725055,90.0736701306
0.322232536402,-4.50066879568e-07,-0.0184445897465,55.8438597173,90.0924548791,55.8438592673,90.0740102894
0.323720391305,-4.54232690544e-07,-0.0185297545523,55.8038464842,90.0928817733,55.80384603,90.0743520188
0.32521511613,-4.58437062086e-07,-0.0186153125923,55.7638332521,90.0933106386,55.7638327936,90.074695326
0.326716742597,-4.62680349067e-07,-0.0187012656821,55.7238200209,90.0937414841,55.7238195582,90.0750402185
0.328225302574,-4.66962911182e-07,-0.018787615646,55.6838067907,90.094174319,55.6838063238,90.0753867034
0.329740828074,-4.71285112945e-07,-0.0188743643162,55.6437935616,90.0946091524,55.6437930903,90.0757347881
0.331263351259,-4.75647320803e-07,-0.0189615135339,55.6037803334,90.0950459936,55.6037798577,90.07608448
0.332792904442,-4.80049905055e-07,-0.0190490651484,55.5637671062,90.0954848517,55.5637666262,90.0764357866
0.33432952008,-4.84493241791e-07,-0.0191370210178,55.5237538801,90.0959257363,55.5237533956,90.0767887153
0.335873230785,-4.88977703241e-07,-0.0192253830086,55.483740655,90.0963686565,55.483740166,90.0771432735
0.337424069316,-4.93503673207e-07,-0.0193141529961,55.4437274309,90.0968136218,55.4437269374,90.0774994688
0.338982068584,-4.98071535491e-07,-0.019403332864,55.4037142079,90.0972606417,55.4037137098,90.0778573088
0.340547261654,-5.02681678718e-07,-0.019492924505,55.363700986,90.0977097256,55.3637004833,90.0782168011
0.342119681742,-5.07334492477e-07,-0.0195829298204,55.3236877651,90.098160883,55.3236872578,90.0785779532
0.343699362216,-5.12030374069e-07,-0.0196733507201,55.2836745453,90.0986141236,55.2836740333,90.0789407729
0.345286336602,-5.16769717905e-07,-0.0197641891232,55.2436613266,90.099069457,55.2436608098,90.0793052678
0.346880638576,-5.21552931895e-07,-0.0198554469573,55.203648109,90.0995268927,55.2036475875,90.0796714458
0.348482301973,-5.26380418166e-07,-0.0199471261591,55.1636348925,90.0999864406,55.1636343661,90.0800393144
0.350091360784,-5.31252586554e-07,-0.0200392286742,55.1236216772,90.1004481103,55.1236211459,90.0804088817
0.351707849155,-5.36169854615e-07,-0.0201317564571,55.0836084629,90.1009119117,55.0836079268,90.0807801553
0.35333180139,-5.41132633152e-07,-0.0202247114716,55.0435952498,90.1013778547,55.0435947087,90.0811531432
0.354963251954,-5.46141347434e-07,-0.0203180956902,55.0035820379,90.101845949,55.0035814918,90.0815278533
0.356602235469,-5.51196424658e-07,-0.0204119110947,54.9635688271,90.1023162046,54.963568276,90.0819042935
0.358248786716,-5.56298290092e-07,-0.020506159676,54.9235556176,90.1027886316,54.9235550613,90.0822824719
0.359902940638,-5.61447378648e-07,-0.0206008434344,54.8835424092,90.1032632399,54.8835418477,90.0826623965
0.361564732339,-5.6664412813e-07,-0.020695964379,54.8435292019,90.1037400396,54.8435286353,90.0830440753
0.363234197086,-5.71888976345e-07,-0.0207915245286,54.803515996,90.1042190409,54.8035154241,90.0834275164
0.364911370308,-5.77182373632e-07,-0.0208875259111,54.7635027912,90.1047002538,54.763502214,90.0838127279
0.366596287597,-5.82524765511e-07,-0.0209839705638,54.7234895876,90.1051836887,54.7234890051,90.0841997181
0.36828898471,-5.87916605217e-07,-0.0210808605335,54.6834763853,90.1056693557,54.6834757974,90.0845884952
0.369989497569,-5.93358351768e-07,-0.0211781978764,54.6434631843,90.1061572652,54.6434625909,90.0849790673
0.371697862262,-5.98850468043e-07,-0.021275984658,54.6034499845,90.1066474275,54.6034493856,90.0853714428
0.373414115044,-6.04393418847e-07,-0.0213742229536,54.563436786,90.107139853,54.5634361816,90.0857656301
0.375138292336,-6.09987675737e-07,-0.021472914848,54.5234235888,90.1076345522,54.5234229788,90.0861616374
0.376870430729,-6.15633711234e-07,-0.0215720624356,54.4834103928,90.1081315356,54.4834097772,90.0865594732
0.378610566981,-6.21332008465e-07,-0.0216716678205,54.4433971982,90.1086308137,54.4433965769,90.0869591459
0.380358738022,-6.27083047665e-07,-0.0217717331165,54.403384005,90.1091323971,54.4033833779,90.087360664
0.382114980951,-6.32887320642e-07,-0.0218722604471,54.363370813,90.1096362965,54.3633701801,90.0877640361
0.383879333037,-6.38745314382e-07,-0.0219732519458,54.3233576224,90.1101425226,54.3233569837,90.0881692706
0.385651831725,-6.44657532263e-07,-0.0220747097557,54.2833444332,90.110651086,54.2833437885,90.0885763762
0.38743251463,-6.50624472843e-07,-0.02217663603,54.2433312453,90.1111619976,54.2433305947,90.0889853616
0.38922141954,-6.56646642393e-07,-0.0222790329316,54.2033180589,90.1116752683,54.2033174022,90.0893962353
0.39101858442,-6.62724553938e-07,-0.0223819026337,54.1633048738,90.1121909089,54.1633042111,90.0898090062
0.392824047408,-6.68858722426e-07,-0.0224852473193,54.1232916902,90.1127089303,54.1232910213,90.090223683
0.394637846821,-6.75049668596e-07,-0.0225890691816,54.0832785079,90.1132293436,54.0832778329,90.0906402744
0.396460021149,-6.8129791897e-07,-0.0226933704239,54.0432653271,90.1137521598,54.0432646458,90.0910587894
0.398290609062,-6.87604002e-07,-0.0227981532595,54.0032521478,90.11427739,54.0032514602,90.0914792368
0.400129649409,-6.93968453852e-07,-0.0229034199123,53.9632389699,90.1148050454,53.963238276,90.0919016255
0.401977181218,-7.00391816478e-07,-0.023009172616,53.9232257936,90.1153351371,53.9232250932,90.0923259644
0.403833243697,-7.06874630867e-07,-0.0231154136151,53.8832126187,90.1158676763,53.8832119118,90.0927522627
0.405697876233,-7.13417453435e-07,-0.023222145164,53.8431994453,90.1164026745,53.8431987319,90.0931805293
0.407571118399,-7.20020833849e-07,-0.0233293695279,53.8031862734,90.1169401429,53.8031855534,90.0936107734
0.409453009948,-7.26685336241e-07,-0.0234370889822,53.7631731031,90.117480093,53.7631723764,90.094043004
0.411343590817,-7.33411523779e-07,-0.0235453058129,53.7231599343,90.1180225361,53.7231592009,90.0944772303
0.413242901127,-7.40199969273e-07,-0.0236540223166,53.6831467671,90.1185674839,53.6831460269,90.0949134616
0.415150981185,-7.4705124939e-07,-0.0237632408005,53.6431336015,90.1191149479,53.6431328544,90.0953517071
0.417067871483,-7.53965945622e-07,-0.0238729635822,53.6031204374,90.1196649397,53.6031196834,90.0957919761
0.418993612703,-7.60944641385e-07,-0.0239831929904,53.563107275,90.1202174709,53.563106514,90.096234278
0.420928245711,-7.679879336e-07,-0.0240939313643,53.5230941142,90.1207725534,53.5230933462,90.096678622
0.422871811564,-7.75096417256e-07,-0.0242051810539,53.483080955,90.1213301988,53.4830801799,90.0971250178
0.424824351507,-7.82270699879e-07,-0.0243169444202,53.4430677975,90.1218904191,53.4430670152,90.0975734746
0.426785906977,-7.8951138514e-07,-0.024429223835,53.4030546416,90.122453226,53.4030538521,90.0980240022
0.428756519602,-7.96819090207e-07,-0.0245420216811,53.3630414875,90.1230186316,53.3630406906,90.0984766099
0.430736231201,-8.04194435144e-07,-0.0246553403521,53.323028335,90.1235866478,53.3230275308,90.0989313074
0.432725083788,-8.11638047728e-07,-0.024769182253,53.2830151842,90.1241572867,53.2830143726,90.0993881045
0.43472311957,-8.191505567e-07,-0.0248835497997,53.2430020352,90.1247305604,53.2430012161,90.0998470106
0.436730380948,-8.26732602375e-07,-0.0249984454192,53.2029888879,90.1253064811,53.2029880612,90.1003080357
0.43874691052,-8.34384826031e-07,-0.0251138715499,53.1629757424,90.125885061,53.162974908,90.1007711895
0.440772751081,-8.42107878588e-07,-0.0252298306412,53.1229625987,90.1264663124,53.1229617566,90.1012364817
0.442807945622,-8.49902417718e-07,-0.025346325154,53.0829494568,90.1270502475,53.0829486069,90.1017039224
0.444852537333,-8.57769101094e-07,-0.0254633575605,53.0429363166,90.1276368789,53.0429354589,90.1021735213
0.446906569606,-8.65708598922e-07,-0.0255809303445,53.0029231783,90.1282262189,53.0029223126,90.1026452885
0.448970086029,-8.73721584303e-07,-0.0256990460009,52.9629100419,90.12881828,52.9629091682,90.103119234
0.451043130394,-8.81808738054e-07,-0.0258177070364,52.9228969073,90.1294130749,52.9228960255,90.1035953679
0.453125746696,-8.89970746775e-07,-0.0259369159692,52.8828837746,90.1300106161,52.8828828846,90.1040737001
0.45521797913,-8.9820830189e-07,-0.0260566753291,52.8428706438,90.1306109163,52.8428697456,90.104554241
0.457319872098,-9.06522105428e-07,-0.0261769876576,52.8028575149,90.1312139883,52.8028566084,90.1050370007
0.459431470206,-9.14912858458e-07,-0.0262978555079,52.762844388,90.1318198448,52.7628434731,90.1055219893
0.461552818265,-9.23381277473e-07,-0.0264192814451,52.722831263,90.1324284988,52.7228303396,90.1060092174
0.463683961295,-9.31928080899e-07,-0.0265412680461,52.6828181399,90.1330399631,52.682817208,90.106498695
0.465824944521,-9.40553991982e-07,-0.0266638178995,52.6428050189,90.1336542507,52.6428040783,90.1069904328
0.46797581338,-9.49259746503e-07,-0.0267869336062,52.6027918998,90.1342713746,52.6027909506,90.107484441
0.470136613516,-9.58046080244e-07,-0.0269106177789,52.5627787828,90.1348913479,52.5627778248,90.1079807301
0.472307390786,-9.66913739597e-07,-0.0270348730423,52.5227656679,90.1355141839,52.5227647009,90.1084793108
0.474488191258,-9.75863477699e-07,-0.0271597020333,52.482752555,90.1361398956,52.4827515791,90.1089801936
0.476679061211,-9.84896055408e-07,-0.0272851074011,52.4427394441,90.1367684965,52.4427384592,90.1094833891
0.47888004714,-9.94012238397e-07,-0.027411091807,52.4027263354,90.1373999997,52.4027253414,90.1099889079
0.481091195754,-1.00321280006e-06,-0.0275376579246,52.3627132288,90.1380344188,52.3627122256,90.1104967609
0.483312553978,-1.01249852246e-06,-0.0276648084398,52.3227001243,90.1386717672,52.3226991118,90.1110069588
0.485544168952,-1.0218701925e-06,-0.027792546051,52.282687022,90.1393120584,52.2826860001,90.1115195124
0.487786088035,-1.03132860864e-06,-0.027920873469,52.2426739219,90.139955306,52.2426728906,90.1120344326
0.490038358805,-1.0408745703e-06,-0.0280497934171,52.202660824,90.1406015237,52.2026597831,90.1125517303
0.492301029059,-1.05050888849e-06,-0.0281793086312,52.1626477282,90.1412507251,52.1626466777,90.1130714165
0.494574146815,-1.06023238288e-06,-0.02830942186,52.1226346348,90.1419029241,52.1226335745,90.1135935022
0.496857760312,-1.07004587701e-06,-0.0284401358645,52.0826215436,90.1425581344,52.0826204735,90.1141179985
0.499151918013,-1.07995020503e-06,-0.0285714534188,52.0426084546,90.14321637,52.0426073747,90.1146449166
0.501456668604,-1.08994620686e-06,-0.0287033773097,52.002595368,90.1438776449,52.0025942781,90.1151742676
0.503772060996,-1.10003473207e-06,-0.0288359103368,51.9625822837,90.1445419731,51.9625811837,90.1157060628
0.506098144326,-1.11021663507e-06,-0.0289690553127,51.9225692018,90.1452093687,51.9225680916,90.1162403134
0.508434967957,-1.12049278471e-06,-0.029102815063,51.8825561222,90.1458798458,51.8825550017,90.1167770307
0.51078258148,-1.13086404695e-06,-0.0292371924262,51.842543045,90.1465534187,51.8425419141,90.1173162262
0.513141034717,-1.14133130898e-06,-0.0293721902542,51.8025299702,90.1472301016,51.8025288289,90.1178579114
0.515510377717,-1.15189545413e-06,-0.0295078114117,51.7625168979,90.147909909,51.762515746,90.1184020976
0.517890660763,-1.16255737921e-06,-0.0296440587769,51.722503828,90.1485928552,51.7225026654,90.1189487965
0.520281934368,-1.17331799263e-06,-0.0297809352413,51.6824907606,90.1492789548,51.6824895872,90.1194980196
0.52268424928,-1.18417820471e-06,-0.0299184437095,51.6424776957,90.1499682223,51.6424765115,90.1200497786
0.525097656479,-1.1951389412e-06,-0.0300565870998,51.6024646333,90.1506606724,51.6024634381,90.1206040853
0.527522207183,-1.20620112594e-06,-0.0301953683437,51.5624515734,90.1513563196,51.5624503672,90.1211609513
0.529957952845,-1.21736570588e-06,-0.0303347903865,51.5224385162,90.1520551789,51.5224372988,90.1217203885
0.532404945155,-1.22863362416e-06,-0.0304748561869,51.4824254615,90.1527572649,51.4824242329,90.1222824087
0.534863236044,-1.24000583737e-06,-0.0306155687173,51.4424124095,90.1534625927,51.4424111695,90.122847024
0.53733287768,-1.25148331177e-06,-0.030756930964,51.4023993601,90.1541711772,51.4023981086,90.1234142462
0.539813922473,-1.26306702231e-06,-0.0308989459269,51.3623863133,90.1548830334,51.3623850503,90.1239840874
0.542306423077,-1.27475795066e-06,-0.0310416166198,51.3223732693,90.1555981764,51.3223719946,90.1245565598
0.544810432386,-1.28655709008e-06,-0.0311849460703,51.282360228,90.1563166214,51.2823589414,90.1251316754
0.547326003539,-1.29846544349e-06,-0.0313289373203,51.2423471894,90.1570383837,51.242345891,90.1257094464
0.549853189922,-1.31048401858e-06,-0.0314735934254,51.2023341536,90.1577634785,51.2023328431,90.1262898851
0.552392045166,-1.32261383757e-06,-0.0316189174555,51.1623211206,90.1584919213,51.162319798,90.1268730039
0.554942623149,-1.33485592938e-06,-0.0317649124946,51.1223080904,90.1592237276,51.1223067556,90.1274588151
0.557504978001,-1.34721133452e-06,-0.031911581641,51.0822950631,90.1599589127,51.0822937159,90.1280473311
0.560079164098,-1.35968110315e-06,-0.0320589280073,51.0422820386,90.1606974924,51.0422806789,90.1286385644
0.562665236069,-1.37226628928e-06,-0.0322069547204,51.002269017,90.1614394823,51.0022676448,90.1292325276
0.565263248795,-1.38496796427e-06,-0.0323556649216,50.9622559984,90.1621848982,50.9622546134,90.1298292332
0.567873257412,-1.39778720721e-06,-0.032505061767,50.9222429827,90.1629337558,50.9222415849,90.130428694
0.570495317306,-1.41072510201e-06,-0.0326551484268,50.88222997,90.1636860711,50.8822285593,90.1310309227
0.573129484125,-1.42378275281e-06,-0.0328059280863,50.8422169603,90.1644418601,50.8422155365,90.131635932
0.575775813769,-1.43696126282e-06,-0.0329574039452,50.8022039537,90.1652011387,50.8022025167,90.1322437347
0.578434362397,-1.45026175258e-06,-0.0331095792181,50.7621909501,90.1659639231,50.7621894998,90.1328543439
0.58110518643,-1.46368535228e-06,-0.0332624571345,50.7221779496,90.1667302295,50.7221764859,90.1334677723
0.583788342547,-1.47723320079e-06,-0.0334160409386,50.6821649522,90.1675000741,50.682163475,90.1340840331
0.586483887688,-1.49090644664e-06,-0.0335703338898,50.642151958,90.1682734732,50.6421504671,90.1347031393
0.589191879059,-1.50470625375e-06,-0.0337253392624,50.6021389669,90.1690504434,50.6021374622,90.1353251041
0.591912374128,-1.51863379091e-06,-0.0338810603459,50.5621259791,90.169831001,50.5621244604,90.1359499407
0.594645430629,-1.53269024037e-06,-0.0340375004451,50.5221129945,90.1706151627,50.5221114618,90.1365776622
0.597391106561,-1.54687679694e-06,-0.0341946628797,50.4821000131,90.171402945,50.4820984663,90.1372082821
0.600149460193,-1.56119466313e-06,-0.0343525509851,50.4420870351,90.1721943647,50.4420854739,90.1378418137
0.602920550062,-1.57564505593e-06,-0.0345111681119,50.4020740604,90.1729894386,50.4020724848,90.1384782705
0.605704434975,-1.590229201e-06,-0.0346705176263,50.3620610891,90.1737881835,50.3620594988,90.1391176659
0.608501174012,-1.60494833846e-06,-0.0348306029099,50.3220481211,90.1745906165,50.3220465162,90.1397600136
0.611310826525,-1.61980371327e-06,-0.03499142736,50.2820351566,90.1753967544,50.2820335368,90.1404053271
0.614133452138,-1.63479659061e-06,-0.0351529943896,50.2420221955,90.1762066146,50.2420205607,90.1410536202
0.616969110754,-1.64992824148e-06,-0.0353153074273,50.2020092379,90.177020214,50.202007588,90.1417049066
0.61981786255,-1.66519995133e-06,-0.0354783699179,50.1619962839,90.17783757,50.1619946187,90.1423592001
0.622679767981,-1.68061301331e-06,-0.0356421853217,50.1219833333,90.1786587,50.1219816527,90.1430165147
0.625554887782,-1.69616874085e-06,-0.0358067571151,50.0819703864,90.1794836213,50.0819686902,90.1436768642
0.628443282969,-1.71186845217e-06,-0.0359720887907,50.0419574431,90.1803123515,50.0419557312,90.1443402627
0.631345014838,-1.72771347903e-06,-0.0361381838571,50.0019445034,90.1811449081,50.0019427757,90.1450067242
0.634260144969,-1.74370516761e-06,-0.0363050458391,49.9619315675,90.1819813088,49.9619298238,90.145676263
0.637188735226,-1.75984487377e-06,-0.0364726782779,49.9219186352,90.1828215714,49.9219168754,90.1463488932
0.64013084776,-1.77613396782e-06,-0.0366410847307,49.8819057067,90.1836657137,49.8819039306,90.147024629
0.643086545006,-1.79257383549e-06,-0.0368102687716,49.841892782,90.1845137536,49.8418909894,90.1477034849
0.646055889691,-1.8091658712e-06,-0.0369802339909,49.8018798611,90.1853657091,49.8018780519,90.1483854751
0.649038944829,-1.82591147998e-06,-0.0371509839955,49.7618669441,90.1862215983,49.7618651181,90.1490706143
0.652035773726,-1.84281208712e-06,-0.0373225224091,49.7218540309,90.1870814393,49.7218521881,90.1497589169
0.655046439979,-1.85986912559e-06,-0.037494852872,49.6818411217,90.1879452505,49.6818392618,90.1504503976
0.658071007481,-1.87708404286e-06,-0.0376679790413,49.6418282165,90.18881305,49.6418263394,90.1511450709
0.661109540418,-1.89445830277e-06,-0.0378419045911,49.6018153152,90.1896848563,49.6018134208,90.1518429517
0.664162103274,-1.91199337882e-06,-0.0380166332124,49.561802418,90.190560688,49.561800506,90.1525440548
0.667228760828,-1.92969075705e-06,-0.0381921686132,49.5217895249,90.1914405636,49.5217875952,90.153248395
0.670309578161,-1.94755194372e-06,-0.0383685145186,49.4817766359,90.1923245018,49.4817746883,90.1539559873
0.673404620654,-1.96557845188e-06,-0.0385456746711,49.441763751,90.1932125214,49.4417617855,90.1546668467
0.676513953988,-1.98377181384e-06,-0.0387236528302,49.4017508704,90.1941046411,49.4017488866,90.1553809883
0.67963764415,-2.00213357348e-06,-0.038902452773,49.361737994,90.1950008799,49.3617359918,90.1560984272
0.682775757428,-2.02066528821e-06,-0.0390820782939,49.3217251218,90.1959012569,49.3217231011,90.1568191786
0.685928360421,-2.03936853373e-06,-0.0392625332048,49.281712254,90.1968057912,49.2817102146,90.157543258
0.689095520031,-2.05824489347e-06,-0.0394438213354,49.2416993905,90.1977145018,49.2416973322,90.1582706805
0.692277303472,-2.077295974e-06,-0.0396259465328,49.2016865313,90.1986274082,49.2016844541,90.1590014617
0.695473778266,-2.09652339153e-06,-0.0398089126621,49.1616736767,90.1995445297,49.1616715801,90.159735617
0.698685012249,-2.11592877771e-06,-0.0399927236062,49.1216608265,90.2004658857,49.1216587105,90.1604731621
0.701911073568,-2.13551377961e-06,-0.0401773832657,49.0816479808,90.2013914958,49.0816458453,90.1612141126
0.705152030686,-2.15528005974e-06,-0.0403628955595,49.0416351396,90.2023213797,49.0416329844,90.1619584842
0.708407952382,-2.17522929506e-06,-0.0405492644245,49.0016223031,90.2032555571,49.0016201279,90.1627062926
0.711678907753,-2.19536317989e-06,-0.0407364938157,48.9616094712,90.2041940477,48.9616072758,90.1634575539
0.714964966213,-2.21568342689e-06,-0.0409245877064,48.921596644,90.2051368716,48.9215944283,90.1642122839
0.7182661975,-2.23619175544e-06,-0.0411135500884,48.8815838215,90.2060840487,48.8815815853,90.1649704986
0.721582671671,-2.2568899081e-06,-0.0413033849717,48.8415710037,90.2070355991,48.8415687469,90.1657322141
0.724914459107,-2.27777964284e-06,-0.041494096385,48.8015581908,90.207991543,48.8015559131,90.1664974466
0.728261630514,-2.29886273304e-06,-0.0416856883754,48.7615453828,90.2089519007,48.7615430839,90.1672662123
0.731624256927,-2.32014096755e-06,-0.0418781650089,48.7215325796,90.2099166926,48.7215302595,90.1680385275
0.735002409705,-2.34161615351e-06,-0.0420715303702,48.6815197814,90.2108859391,48.6815174398,90.1688144087
0.73839616054,-2.36329011351e-06,-0.0422657885627,48.6415069882,90.2118596608,48.6415046249,90.1695938723
0.741805581452,-2.38516468651e-06,-0.042460943709,48.6014942001,90.2128378784,48.6014918149,90.1703769347
0.745230744795,-2.40724172983e-06,-0.0426569999506,48.561481417,90.2138206127,48.5614790097,90.1711636127
0.748671723258,-2.42952311906e-06,-0.0428539614482,48.521468639,90.2148078844,48.5214662095,90.171953923
0.752128589864,-2.45201074334e-06,-0.0430518323815,48.4814558663,90.2157997146,48.4814534143,90.1727478822
0.755601417974,-2.47470651301e-06,-0.0432506169498,48.4414430987,90.2167961242,48.441440624,90.1735455073
0.759090281288,-2.49761235574e-06,-0.0434503193715,48.4014303365,90.2177971345,48.4014278389,90.1743468151
0.762595253845,-2.5207302137e-06,-0.0436509438848,48.3614175795,90.2188027666,48.3614150588,90.1751518227
0.766116410027,-2.54406204738e-06,-0.0438524947472,48.321404828,90.2198130419,48.3214022839,90.1759605472
0.76965382456,-2.56760984328e-06,-0.0440549762359,48.2813920819,90.2208279819,48.2813895143,90.1767730057
0.773207572514,-2.59137559467e-06,-0.0442583926479,48.2413793412,90.221847608,48.2413767498,90.1775892154
0.776777729305,-2.61536132279e-06,-0.0444627483001,48.2013666061,90.222871942,48.2013639907,90.1784091937
0.780364370698,-2.63956906334e-06,-0.0446680475293,48.1613538765,90.2239010055,48.161351237,90.179232958
0.783967572809,-2.66400086937e-06,-0.0448742946922,48.1213411526,90.2249348204,48.1213384886,90.1800605257
0.787587412104,-2.68865881515e-06,-0.0450814941657,48.0813284344,90.2259734086,48.0813257457,90.1808919144
0.791223965402,-2.71354499423e-06,-0.045289650347,48.0413157219,90.2270167922,48.0413130083,90.1817271418
0.794877309877,-2.73866151947e-06,-0.0454987676535,48.0013030152,90.2280649932,48.0013002765,90.1825662256
0.79854752306,-2.76401052493e-06,-0.045708850523,47.9612903143,90.229118034,47.9612875503,90.1834091835
0.802234682839,-2.78959415815e-06,-0.0459199034138,47.9212776193,90.2301759369,47.9212748297,90.1842560335
0.805938867463,-2.81541459371e-06,-0.0461319308049,47.8812649303,90.2312387243,47.8812621149,90.1851067935
0.80966015554,-2.84147402063e-06,-0.0463449371957,47.8412522473,90.2323064189,47.8412494058,90.1859614817
0.813398626043,-2.86777465589e-06,-0.0465589271066,47.8012395703,90.2333790431,47.8012367026,90.186820116
0.817154358309,-2.89431872808e-06,-0.0467739050789,47.7612268995,90.2344566198,47.7612240052,90.1876827148
0.820927432042,-2.92110849081e-06,-0.0469898756748,47.7212142348,90.2355391719,47.7212113137,90.1885492963
0.824717927312,-2.94814621895e-06,-0.0472068434774,47.6812015764,90.2366267224,47.6811986282,90.1894198789
0.82852592456,-2.97543420952e-06,-0.0474248130913,47.6411889242,90.2377192942,47.6411859488,90.1902944811
0.8323515046,-3.00297477499e-06,-0.047643789142,47.6011762784,90.2388169107,47.6011732754,90.1911731215
0.836194748617,-3.03077025674e-06,-0.0478637762767,47.561163639,90.239919595,47.5611606082,90.1920558187
0.84005573817,-3.05882301353e-06,-0.0480847791639,47.5211510061,90.2410273706,47.5211479472,90.1929425914
0.843934555198,-3.08713542627e-06,-0.0483068024934,47.4811383796,90.242140261,47.4811352925,90.1938334585
0.847831282016,-3.11570989712e-06,-0.0485298509772,47.4411257598,90.2432582898,47.4411226441,90.1947284388
0.851746001319,-3.14454885232e-06,-0.0487539293486,47.4011131466,90.2443814807,47.4011100021,90.1956275514
0.855678796184,-3.17365474032e-06,-0.0489790423629,47.3611005402,90.2455098576,47.3610973665,90.1965308152
0.859629750072,-3.20303003267e-06,-0.0492051947974,47.3210879404,90.2466434444,47.3210847374,90.1974382496
0.86359894683,-3.23267722024e-06,-0.0494323914515,47.2810753476,90.2477822651,47.2810721149,90.1983498737
0.86758647069,-3.26259882476e-06,-0.0496606371466,47.2410627616,90.248926344,47.241059499,90.1992657068
0.871592406276,-3.29279738144e-06,-0.0498899367265,47.2010501826,90.2500757052,47.2010468898,90.2001857685
0.875616838601,-3.32327545444e-06,-0.0501202950573,47.1610376105,90.2512303732,47.1610342873,90.2011100782
0.879659853069,-3.35403563297e-06,-0.0503517170275,47.1210250456,90.2523903725,47.1210216916,90.2020386555
0.883721535481,-3.38508052651e-06,-0.0505842075484,47.0810124879,90.2535557277,47.0810091028,90.2029715202
0.887801972033,-3.41641276961e-06,-0.0508177715538,47.0409999373,90.2547264636,47.0409965209,90.203908692
0.891901249319,-3.44803502575e-06,-0.0510524140002,47.0009873941,90.2559026048,47.000983946,90.2048501908
0.896019454333,-3.47994997479e-06,-0.0512881398672,46.9609748582,90.2570841765,46.9609713782,90.2057960367
0.900156674471,-3.5121603294e-06,-0.0515249541572,46.9209623297,90.2582712037,46.9209588175,90.2067462496
0.904312997532,-3.54466882247e-06,-0.0517628618959,46.8809498087,90.2594637116,46.880946264,90.2077008497
0.90848851172,-3.57747821103e-06,-0.0520018681321,46.8409372953,90.2606617255,46.8409337178,90.2086598573
0.912683305647,-3.61059128489e-06,-0.0522419779378,46.8009247895,90.2618652707,46.8009211789,90.2096232928
0.916897468334,-3.64401085313e-06,-0.0524831964085,46.7609122914,90.2630743729,46.7609086474,90.2105911765
0.921131089214,-3.67773975087e-06,-0.0527255286634,46.7208998011,90.2642890577,46.7208961233,90.211563529
0.92538425813,-3.71178084315e-06,-0.0529689798451,46.6808873186,90.2655093508,46.6808836068,90.212540371
0.929657065344,-3.7461370162e-06,-0.05321355512,46.640874844,90.2667352782,46.6408710979,90.2135217231
0.933949601531,-3.78081119193e-06,-0.0534592596784,46.6008623774,90.2679668659,46.6008585966,90.2145076062
0.938261957787,-3.81580631251e-06,-0.0537060987346,46.5608499189,90.2692041399,46.5608461031,90.2154980412
0.942594225627,-3.8511253423e-06,-0.0539540775269,46.5208374685,90.2704471267,46.5208336174,90.2164930491
0.94694649699,-3.88677128807e-06,-0.0542032013178,46.4808250264,90.2716958524,46.4808211396,90.2174926511
0.951318864239,-3.92274717009e-06,-0.0544534753941,46.4408125925,90.2729503437,46.4408086698,90.2184968683
0.955711420164,-3.95905604723e-06,-0.0547049050671,46.400800167,90.2742106271,46.400796208,90.219505722
0.960124257982,-3.99570099569e-06,-0.0549574956724,46.3607877499,90.2754767294,46.3607837542,90.2205192337
0.964557471341,-4.03268512832e-06,-0.0552112525706,46.3207753414,90.2767486774,46.3207713087,90.2215374248
0.969011154322,-4.07001158596e-06,-0.0554661811466,46.2807629415,90.2780264982,46.2807588715,90.222560317
0.97348540144,-4.1076835393e-06,-0.0557222868105,46.2407505502,90.2793102188,46.2407464425,90.223587932
0.977980307647,-4.14570418028e-06,-0.0559795749973,46.2007381677,90.2805998665,46.200734022,90.2246202915
0.982495968332,-4.18407674038e-06,-0.0562380511671,46.1607257941,90.2818954686,46.16072161,90.2256574175
0.987032479326,-4.22280447612e-06,-0.056497720805,46.1207134293,90.2831970527,46.1207092065,90.2266993319
0.991589936902,-4.26189067491e-06,-0.0567585894218,46.0807010736,90.2845046464,46.0806968117,90.2277460569
0.996168437777,-4.30133865403e-06,-0.0570206625535,46.040688727,90.2858182773,46.0406844256,90.2287976147
1.00076807911,-4.34115176166e-06,-0.0572839457617,46.0006763895,90.2871379734,46.0006720484,90.2298540276
1.00538895853,-4.38133337967e-06,-0.0575484446337,45.9606640613,90.2884637627,45.96065968,90.230915318
1.01003117408,-4.42188691892e-06,-0.0578141647826,45.9206517424,90.2897956732,45.9206473206,90.2319815085
1.01469482429,-4.46281581915e-06,-0.0580811118474,45.880639433,90.2911337334,45.8806349702,90.2330526215
1.01938000812,-4.50412355679e-06,-0.0583492914931,45.8406271331,90.2924779714,45.840622629,90.2341286799
1.024086825,-4.54581363812e-06,-0.0586187094109,45.8006148428,90.293828416,45.800610297,90.2352097066
1.02881537483,-4.58788960128e-06,-0.0588893713183,45.7606025622,90.2951850957,45.7605979743,90.2362957243
1.03356575795,-4.63035501815e-06,-0.0591612829593,45.7205902914,90.2965480392,45.720585661,90.2373867563
1.03833807516,-4.6732134953e-06,-0.0594344501041,45.6805780304,90.2979172756,45.6805733572,90.2384828255
1.04313242775,-4.71646866924e-06,-0.0597088785499,45.6405657794,90.2992928339,45.640561063,90.2395839554
1.04794891747,-4.7601242102e-06,-0.0599845741204,45.6005535385,90.3006747433,45.6005487784,90.2406901692
1.05278764652,-4.80418382795e-06,-0.0602615426663,45.5605413078,90.302063033,45.5605365036,90.2418014903
1.0576487176,-4.84865125928e-06,-0.0605397900655,45.5205290872,90.3034577326,45.5205242386,90.2429179425
1.06253223385,-4.89353028049e-06,-0.0608193222226,45.4805168771,90.3048588716,45.4805119835,90.2440395493
1.06743829893,-4.93882470166e-06,-0.0611001450698,45.4405046773,90.3062664797,45.4404997385,90.2451663347
1.07236701695,-4.98453836659e-06,-0.0613822645667,45.4004924881,90.3076805869,45.4004875036,90.2462983223
1.0773184925,-5.0306751548e-06,-0.0616656867002,45.3604803095,90.3091012231,45.3604752788,90.2474355364
1.08229283065,-5.07723898242e-06,-0.061950417485,45.3204681417,90.3105284185,45.3204630644,90.248578001
1.08729013699,-5.12423380899e-06,-0.0622364629635,45.2804559846,90.3119622033,45.2804508604,90.2497257403
1.09231051755,-5.17166361237e-06,-0.0625238292062,45.2404438385,90.313402608,45.2404386669,90.2508787788
1.09735407888,-5.21953243021e-06,-0.0628125223113,45.2004317035,90.3148496631,45.2004264839,90.2520371408
1.10242092801,-5.26784431752e-06,-0.0631025484054,45.1604195795,90.3163033994,45.1604143117,90.253200851
1.10751117247,-5.31660337848e-06,-0.0633939136432,45.1204074668,90.3177638476,45.1204021502,90.254369934
1.11262492028,-5.365813752e-06,-0.0636866242081,45.0803953655,90.3192310388,45.0803899997,90.2555444146
1.11776227997,-5.41547961651e-06,-0.0639806863117,45.0403832756,90.3207050041,45.0403778601,90.2567243177
1.12292336056,-5.46560518615e-06,-0.0642761061946,45.0003711972,90.3221857747,45.0003657316,90.2579096685
1.12810827158,-5.51619471842e-06,-0.064572890126,44.9603591305,90.3236733821,44.9603536143,90.259100492
1.13331712306,-5.5672525046e-06,-0.0648710444042,44.9203470756,90.3251678579,44.9203415083,90.2602968134
1.13855002554,-5.61878287934e-06,-0.0651705753563,44.8803350325,90.3266692336,44.8803294137,90.2614986583
1.14380709007,-5.67079021878e-06,-0.065471489339,44.8403230014,90.3281775413,44.8403173306,90.262706052
1.14908842822,-5.72327893665e-06,-0.0657737927382,44.8003109824,90.3296928129,44.8003052591,90.2639190202
1.15439415206,-5.7762534901e-06,-0.066077491969,44.7602989756,90.3312150806,44.7602931994,90.2651375886
1.1597243742,-5.82971837289e-06,-0.0663825934766,44.7202869812,90.3327443766,44.7202811514,90.2663617831
1.16507920775,-5.88367812702e-06,-0.0666891037357,44.6802749991,90.3342807334,44.6802691154,90.2675916296
1.17045876635,-5.93813733016e-06,-0.0669970292508,44.6402630296,90.3358241835,44.6402570915,90.2688271543
1.17586316416,-5.99310060532e-06,-0.0673063765566,44.6002510728,90.3373747598,44.6002450797,90.2700683833
1.18129251588,-6.04857261985e-06,-0.067617152218,44.5602391288,90.3389324952,44.5602330802,90.271315343
1.18674693672,-6.10455808161e-06,-0.0679293628301,44.5202271976,90.3404974226,44.5202210931,90.2725680598
1.19222654244,-6.16106174282e-06,-0.0682430150184,44.4802152795,90.3420695753,44.4802091185,90.2738265603
1.19773144932,-6.218088402e-06,-0.0685581154393,44.4402033745,90.3436489866,44.4401971565,90.2750908712
1.20326177419,-6.27564289717e-06,-0.0688746707795,44.4001914828,90.3452356901,44.4001852072,90.2763610193
1.20881763441,-6.33373011557e-06,-0.0691926877568,44.3601796045,90.3468297193,44.3601732708,90.2776370316
1.21439914789,-6.39235498685e-06,-0.0695121731202,44.3201677397,90.3484311082,44.3201613473,90.2789189351
1.22000643307,-6.45152248793e-06,-0.0698331336494,44.2801558885,90.3500398907,44.2801494369,90.2802067571
1.22563960896,-6.51123764296e-06,-0.0701555761559,44.240144051,90.351656101,44.2401375398,90.2815005248
1.23129879509,-6.5715055195e-06,-0.0704795074823,44.2001322275,90.3532797732,44.200125656,90.2828002657
1.23698411157,-6.63233123525e-06,-0.070804934503,44.160120418,90.3549109419,44.1601137856,90.2841060074
1.24269567905,-6.69371994938e-06,-0.0711318641239,44.1201086226,90.3565496417,44.1201019288,90.2854177775
1.24843361874,-6.75567687892e-06,-0.0714603032831,44.0800968415,90.3581959073,44.0800900858,90.286735604
1.2541980524,-6.81820727753e-06,-0.0717902589506,44.0400850748,90.3598497736,44.0400782565,90.2880595147
1.25998910238,-6.88131645579e-06,-0.0721217381283,44.0000733226,90.3615112759,44.0000664413,90.2893895377
1.26580689156,-6.94500976959e-06,-0.072454747851,43.9600615851,90.3631804492,43.9600546401,90.2907257013
1.27165154341,-7.00929262883e-06,-0.0727892951855,43.9200498624,90.364857329,43.9200428531,90.2920680338
1.27752318197,-7.07417048774e-06,-0.0731253872314,43.8800381547,90.3665419509,43.8800310805,90.2934165637
1.28342193183,-7.13964885557e-06,-0.0734630311211,43.8400264621,90.3682343506,43.8400193224,90.2947713195
1.28934791819,-7.20573328685e-06,-0.07380223402,43.8000147847,90.3699345641,43.8000075789,90.29613233
1.2953012668,-7.27242939591e-06,-0.0741430031263,43.7600031226,90.3716426273,43.7599958502,90.2974996242
1.301282104,-7.33974283951e-06,-0.0744853456718,43.7199914761,90.3733585766,43.7199841363,90.2988732309
1.30729055672,-7.40767933712e-06,-0.0748292689214,43.6799798452,90.3750824483,43.6799724375,90.3002531794
1.31332675246,-7.47624465059e-06,-0.0751747801738,43.6399682301,90.376814279,43.6399607539,90.3016394989
1.31939081933,-7.54544460352e-06,-0.0755218867611,43.599956631,90.3785541055,43.5999490855,90.3030322187
1.32548288602,-7.61528507062e-06,-0.0758705960496,43.5599450479,90.3803019646,43.5599374326,90.3044313686
1.3316030818,-7.68577197578e-06,-0.0762209154392,43.5199334811,90.3820578935,43.5199257954,90.305836978
1.33775153657,-7.75691130747e-06,-0.0765728523644,43.4799219307,90.3838219293,43.4799141738,90.3072490769
1.3439283808,-7.82870910243e-06,-0.0769264142937,43.4399103968,90.3855941096,43.4399025681,90.3086676953
1.35013374558,-7.90117145521e-06,-0.0772816087303,43.3998988797,90.3873744718,43.3998909785,90.3100928631
1.35636776259,-7.97430451825e-06,-0.0776384432118,43.3598873793,90.3891630538,43.359879405,90.3115246106
1.36263056413,-8.04811449895e-06,-0.0779969253109,43.319875896,90.3909598936,43.3198678479,90.3129629683
1.36892228311,-8.12260766064e-06,-0.078357062635,43.2798644299,90.3927650291,43.2798563073,90.3144079665
1.37524305306,-8.19779032933e-06,-0.0787188628268,43.2398529811,90.3945784988,43.2398447833,90.315859636
1.3815930081,-8.27366888696e-06,-0.0790823335643,43.1998415497,90.3964003411,43.199833276,90.3173180076
1.387972283,-8.35024977431e-06,-0.0794474825607,43.159830136,90.3982305947,43.1598217858,90.3187831121
1.39438101314,-8.42753949095e-06,-0.0798143175652,43.1198187401,90.4000692983,43.1198103126,90.3202549807
1.40081933452,-8.50554459821e-06,-0.0801828463624,43.0798073622,90.401916491,43.0797988566,90.3217336446
1.40728738377,-8.58427171814e-06,-0.080553076773,43.0397960024,90.4037722119,43.0397874181,90.3232191351
1.41378529816,-8.6637275355e-06,-0.080925016654,42.9997846609,90.4056365005,42.9997759972,90.3247114838
1.42031321558,-8.74391879287e-06,-0.0812986738984,42.9597733379,90.4075093963,42.959764594,90.3262107224
1.42687127457,-8.82485229652e-06,-0.0816740564357,42.9197620336,90.4093909389,42.9197532087,90.3277168825
1.4334596143,-8.90653491827e-06,-0.0820511722321,42.8797507481,90.4112811684,42.8797418415,90.3292299962
1.44007837459,-8.98897359456e-06,-0.0824300292905,42.8397394815,90.4131801248,42.8397304926,90.3307500955
1.4467276959,-9.07217531678e-06,-0.0828106356508,42.7997282342,90.4150878484,42.799719162,90.3322772127
1.45340771934,-9.15614715349e-06,-0.0831929993901,42.7597170062,90.4170043797,42.75970785,90.3338113803
1.46011858667,-9.24089622917e-06,-0.0835771286226,42.7197057977,90.4189297593,42.7196965568,90.3353526306
1.46686044031,-9.32642974063e-06,-0.0839630315,42.6796946089,90.420864028,42.6796852825,90.3369009965
1.47363342333,-9.41275494638e-06,-0.0843507162119,42.63968344,90.422807227,42.6396740272,90.3384565108
1.48043767947,-9.49987917536e-06,-0.0847401909854,42.5996722912,90.4247593973,42.5996627913,90.3400192064
1.48727335313,-9.58780982397e-06,-0.0851314640857,42.5596611626,90.4267205805,42.5596515748,90.3415891165
1.49414058937,-9.67655435423e-06,-0.0855245438161,42.5196500545,90.4286908182,42.519640378,90.3431662743
1.50103953392,-9.76612030239e-06,-0.0859194385185,42.4796389671,90.430670152,42.4796292009,90.3447507135
1.5079703332,-9.8565152693e-06,-0.0863161565729,42.4396279004,90.4326586241,42.4396180439,90.3463424675
1.51493313429,-9.94774692913e-06,-0.0867147063984,42.3996168548,90.4346562765,42.399606907,90.3479415701
1.52192808495,-1.00398230254e-05,-0.0871150964526,42.3596058304,90.4366631517,42.3595957906,90.3495480553
1.52895533362,-1.01327513732e-05,-0.0875173352325,42.3195948274,90.4386792923,42.3195846946,90.351161957
1.53601502944,-1.02265398655e-05,-0.087921431274,42.279583846,90.4407047409,42.2795736194,90.3527833096
1.54310732222,-1.03211964589e-05,-0.0883273931527,42.2395728864,90.4427395406,42.2395625652,90.3544121474
1.55023236249,-1.04167291903e-05,-0.0887352294836,42.1995619488,90.4447837345,42.1995515321,90.356048505
1.55739030143,-1.05131461688e-05,-0.0891449489216,42.1595510335,90.446837366,42.1595405203,90.3576924171
1.56458129096,-1.06104555794e-05,-0.0895565601615,42.1195401406,90.4489004787,42.1195295301,90.3593439185
1.57180548369,-1.07086656828e-05,-0.0899700719382,42.0795292703,90.4509731162,42.0795185616,90.3610030443
1.57906303292,-1.08077848147e-05,-0.090385493027,42.0395184228,90.4530553227,42.039507615,90.3626698296
1.58635409267,-1.09078213916e-05,-0.0908028322437,41.9995075984,90.4551471421,41.9994966905,90.3643443099
1.59367881767,-1.10087839017e-05,-0.0912220984448,41.9594967972,90.457248619,41.9594857884,90.3660265205
1.60103736336,-1.1110680917e-05,-0.0916433005277,41.9194860195,90.4593597978,41.9194749089,90.3677164973
1.60842988591,-1.12135210864e-05,-0.0920664474309,41.8794752656,90.4614807234,41.879464052,90.369414276
1.6158565422,-1.13173131421e-05,-0.0924915481341,41.8394645355,90.4636114408,41.8394532182,90.3711198927
1.62331748983,-1.14220658922e-05,-0.0929186116585,41.7994538296,90.4657519951,41.7994424075,90.3728333834
1.63081288714,-1.15277882299e-05,-0.093347647067,41.759443148,90.4679024317,41.7594316202,90.3745547847
1.6383428932,-1.16344891292e-05,-0.0937786634643,41.719432491,90.4700627963,41.7194208565,90.3762841328
1.6459076678,-1.17421776481e-05,-0.0942116699971,41.6794218588,90.4722331347,41.6794101166,90.3780214647
1.65350737149,-1.18508629255e-05,-0.0946466758544,41.6394112517,90.4744134929,41.6393994008,90.379766817
1.66114216553,-1.19605541921e-05,-0.0950836902676,41.5994006698,90.4766039171,41.5993887092,90.3815202268
1.66881221197,-1.20712607565e-05,-0.0955227225107,41.5593901134,90.4788044538,41.5593780422,90.3832817313
1.67651767356,-1.21829920153e-05,-0.0959637819005,41.5193795828,90.4810151498,41.5193673998,90.3850513679
1.68425871383,-1.22957574555e-05,-0.096406877797,41.4793690782,90.4832360518,41.4793567824,90.386829174
1.69203549706,-1.24095666462e-05,-0.0968520196031,41.4393585998,90.485467207,41.4393461902,90.3886151874
1.69984818829,-1.2524429252e-05,-0.0972992167653,41.3993481478,90.4877086627,41.3993356234,90.3904094459
1.70769695332,-1.26403550193e-05,-0.0977484787738,41.3593377226,90.4899604664,41.3593250822,90.3922119876
1.7155819587,-1.2757353793e-05,-0.0981998151624,41.3193273243,90.492222666,41.319314567,90.3940228508
1.72350337179,-1.2875435503e-05,-0.0986532355092,41.2793169532,90.4944953093,41.2793040778,90.3958420738
1.73146136067,-1.29946101694e-05,-0.0991087494362,41.2393066096,90.4967784446,41.239293615,90.3976696952
1.73945609424,-1.31148879141e-05,-0.0995663666101,41.1992962937,90.4990721203,41.1992831788,90.3995057537
1.74748774215,-1.32362789426e-05,-0.100026096742,41.1592860058,90.5013763851,41.1592727695,90.4013502883
1.75555647486,-1.33587935615e-05,-0.100487949588,41.1192757461,90.5036912878,41.1192623873,90.4032033382
1.76366246359,-1.34824421694e-05,-0.100951934949,41.0792655148,90.5060168775,41.0792520324,90.4050649426
1.77180588037,-1.36072352669e-05,-0.101418062672,41.0392553124,90.5083532036,41.0392417051,90.4069351409
1.77998689802,-1.37331834414e-05,-0.101886342648,40.9992451389,90.5107003155,40.9992314057,90.4088139729
1.78820569015,-1.38602973873e-05,-0.102356784815,40.9592349948,90.5130582631,40.9592211345,90.4107014783
1.79646243118,-1.39885878936e-05,-0.102829399156,40.9192248801,90.5154270964,40.9192108916,90.4125976973
1.80475729633,-1.41180658535e-05,-0.103304195701,40.8792147954,90.5178068657,40.8792006773,90.41450267
1.81309046164,-1.42487422526e-05,-0.103781184526,40.8392047407,90.5201976213,40.839190492,90.4164164368
1.82146210394,-1.43806281874e-05,-0.104260375752,40.7991947164,90.522599414,40.7991803358,90.4183390382
1.82987240091,-1.4513734853e-05,-0.104741779549,40.7591847228,90.5250122947,40.7591702091,90.4202705152
1.83832153101,-1.46480735475e-05,-0.105225406132,40.7191747601,90.5274363146,40.7191601121,90.4222109085
1.84680967356,-1.47836556752e-05,-0.105711265765,40.6791648287,90.5298715252,40.679150045,90.4241602594
1.8553370087,-1.49204927462e-05,-0.106199368759,40.6391549288,90.532317978,40.6391400083,90.4261186092
1.86390371737,-1.50585963721e-05,-0.106689725471,40.5991450607,90.5347757249,40.5991300021,90.4280859994
1.8725099814,-1.51979782802e-05,-0.107182346308,40.5591352247,90.537244818,40.5591200268,90.4300624717
1.88115598341,-1.53386503001e-05,-0.107677241723,40.5191254212,90.5397253098,40.5191100825,90.4320480681
1.88984190689,-1.54806243749e-05,-0.108174422219,40.4791156503,90.5422172528,40.4791001697,90.4340428306
1.89856793617,-1.5623912554e-05,-0.108673898347,40.4391059125,90.5447206999,40.4390902886,90.4360468015
1.90733425643,-1.57685270016e-05,-0.109175680705,40.399096208,90.5472357041,40.3990804394,90.4380600234
1.91614105371,-1.59144799927e-05,-0.109679779943,40.3590865371,90.5497623188,40.3590706226,90.4400825389
1.92498851491,-1.60617839189e-05,-0.110186206757,40.3190769001,90.5523005976,40.3190608383,90.4421143909
1.93387682778,-1.62104512828e-05,-0.110694971896,40.2790672974,90.5548505943,40.279051087,90.4441556224
1.94280618095,-1.63604947057e-05,-0.111206086155,40.2390577293,90.5574123629,40.2390413688,90.4462062768
1.95177676392,-1.65119269207e-05,-0.11171956038,40.199048196,90.5599859579,40.1990316841,90.4482663975
1.96078876706,-1.66647607861e-05,-0.11223540547,40.159038698,90.5625714337,40.1590220332,90.4503360282
1.96984238161,-1.68190092733e-05,-0.112753632369,40.1190292355,90.5651688452,40.1190124165,90.4524152128
1.97893779972,-1.69746854779e-05,-0.113274252076,40.0790198089,90.5677782475,40.0790028342,90.4545039954
1.9880752144,-1.71318026133e-05,-0.113797275638,40.0390104184,90.5703996958,40.0389932866,90.4566024202
1.99725481957,-1.72903740151e-05,-0.114322714156,39.9990010645,90.5730332459,39.9989837741,90.4587105318
2.00647681003,-1.74504131476e-05,-0.114850578779,39.9589917475,90.5756789535,39.9589742971,90.4608283748
2.01574138149,-1.76119335942e-05,-0.115380880708,39.9189824677,90.5783368748,39.9189648557,90.4629559941
2.02504873056,-1.7774949064e-05,-0.115913631199,39.8789732254,90.5810070661,39.8789554504,90.4650934349
2.03439905476,-1.79394733991e-05,-0.116448841555,39.838964021,90.583689584,39.8389460816,90.4672407424
2.04379255252,-1.81055205601e-05,-0.116986523136,39.7989548549,90.5863844853,39.7989367494,90.4693979622
2.05322942319,-1.82731046466e-05,-0.11752668735,39.7589457274,90.5890918274,39.7589274543,90.47156514
2.06270986703,-1.84422398815e-05,-0.118069345662,39.7189366389,90.5918116674,39.7189181967,90.4737423218
2.07223408523,-1.8612940623e-05,-0.118614509586,39.6789275897,90.5945440632,39.6789089768,90.4759295537
2.08180227993,-1.878522136e-05,-0.119162190693,39.6389185802,90.5972890727,39.638899795,90.478126882
2.09141465416,-1.89590967197e-05,-0.119712400603,39.5989096107,90.600046754,39.5988906516,90.4803343534
2.10107141193,-1.91345814602e-05,-0.120265150993,39.5589006817,90.6028171657,39.5588815471,90.4825520147
2.11077275816,-1.93116904767e-05,-0.120820453593,39.5188917935,90.6056003664,39.5188724818,90.4847799128
2.12051889873,-1.94904388071e-05,-0.121378320188,39.4788829464,90.6083964152,39.478863456,90.487018095
2.13031004049,-1.96708416193e-05,-0.121938762615,39.438874141,90.6112053714,39.4388544701,90.4892666088
2.1401463912,-1.985291423e-05,-0.122501792768,39.3988653774,90.6140272945,39.3988455245,90.4915255018
2.15002815962,-2.00366720955e-05,-0.123067422595,39.3588566562,90.6168622444,39.3588366195,90.4937948218
2.15995555545,-2.02221308139e-05,-0.123635664098,39.3188479777,90.6197102811,39.3188277556,90.496074617
2.16992878938,-2.04093061252e-05,-0.124206529338,39.2788393424,90.6225714651,39.2788189331,90.4983649358
2.17994807305,-2.05982139207e-05,-0.124780030427,39.2388307506,90.625445857,39.2388101523,90.5006658266
2.19001361909,-2.07888702381e-05,-0.125356179537,39.1988222026,90.6283335178,39.1988014138,90.5029773382
2.2001256411,-2.09812912573e-05,-0.125934988894,39.1588136991,90.6312345086,39.1587927178,90.5052995197
2.21028435369,-2.11754933149e-05,-0.12651647078,39.1188052402,90.634148891,39.1187840647,90.5076324202
2.22048997243,-2.13714928935e-05,-0.127100637536,39.0787968265,90.6370767268,39.078775455,90.5099760893
2.23074271391,-2.15693066337e-05,-0.127687501557,39.0387884584,90.640018078,39.0387668891,90.5123305765
2.24104279572,-2.17689513264e-05,-0.128277075298,38.9987801363,90.642973007,38.9987583674,90.5146959317
2.25139043643,-2.19704439161e-05,-0.128869371269,38.9587718606,90.6459415765,38.9587498902,90.5170722052
2.26178585564,-2.2173801511e-05,-0.129464402041,38.9187636317,90.6489238494,38.9187414579,90.5194594473
2.27222927397,-2.23790413699e-05,-0.13006218024,38.8787554502,90.6519198888,38.8787330711,90.5218577086
2.28272091303,-2.25861809175e-05,-0.130662718551,38.8387473163,90.6549297584,38.8387247301,90.5242670399
2.29326099549,-2.27952377345e-05,-0.131266029719,38.7987392306,90.6579535219,38.7987164354,90.5266874922
2.30384974502,-2.30062295695e-05,-0.131872126545,38.7587311935,90.6609912435,38.7587081873,90.5291191169
2.31448738632,-2.32191743304e-05,-0.132481021893,38.7187232055,90.6640429874,38.7186999863,90.5315619655
2.32517414516,-2.34340900937e-05,-0.133092728684,38.678715267,90.6671088185,38.6786918329,90.5340160898
2.33591024832,-2.36509951055e-05,-0.133707259898,38.6387073785,90.6701888017,38.6386837275,90.5364815418
2.34669592365,-2.38699077751e-05,-0.134324628575,38.5986995403,90.6732830024,38.5986756704,90.5389583738
2.35753140003,-2.40908466843e-05,-0.134944847819,38.5586917531,90.676391486,38.5586676623,90.5414466382
2.36841690741,-2.43138305904e-05,-0.135567930789,38.5186840173,90.6795143185,38.5186597034,90.5439463877
2.3793526768,-2.45388784235e-05,-0.136193890708,38.4786763333,90.6826515661,38.4786517944,90.5464576754
2.39033894028,-2.47660092803e-05,-0.13682274086,38.4386687016,90.6858032953,38.4386439356,90.5489805544
2.401375931,-2.49952424466e-05,-0.13745449459,38.3986611227,90.6889695729,38.3986361275,90.5515150783
2.41246388318,-2.52265973818e-05,-0.138089165303,38.3586535971,90.692150466,38.3586283705,90.5540613007
2.42360303212,-2.54600937189e-05,-0.138726766468,38.3186461253,90.6953460421,38.3186206652,90.5566192756
2.43479361423,-2.56957512856e-05,-0.139367311615,38.2786387078,90.6985563688,38.2786130121,90.5591890572
2.44603586698,-2.59335900795e-05,-0.140010814337,38.2386313451,90.7017815143,38.2386054115,90.5617707
2.45733002895,-2.61736302927e-05,-0.14065728829,38.1986240377,90.7050215469,38.1985978641,90.5643642586
2.46867633982,-2.64158923019e-05,-0.141306747192,38.1586167861,90.7082765353,38.1585903702,90.5669697881
2.4800750404,-2.66603966705e-05,-0.141959204826,38.1186095908,90.7115465484,38.1185829304,90.5695873435
2.49152637256,-2.69071641551e-05,-0.142614675037,38.0786024524,90.7148316555,38.0785755452,90.5722169805
2.50303057934,-2.7156215703e-05,-0.143273171735,38.0385953713,90.7181319264,38.0385682151,90.5748587547
2.51458790488,-2.74075724505e-05,-0.143934708892,37.9985883482,90.7214474309,37.9985609406,90.577512722
2.52619859443,-2.76612557405e-05,-0.144599300549,37.9585813834,90.7247782394,37.9585537222,90.5801789388
2.53786289441,-2.79172871037e-05,-0.145266960807,37.9185744777,90.7281244224,37.9185465604,90.5828574616
2.54958105233,-2.81756882745e-05,-0.145937703836,37.8785676315,90.7314860508,37.8785394558,90.5855483469
2.5613533169,-2.84364811849e-05,-0.146611543867,37.8385608453,90.7348631959,37.8385324089,90.588251652
2.57317993793,-2.8699687976e-05,-0.147288495202,37.7985541198,90.7382559292,37.7985254201,90.590967434
2.58506116641,-2.89653309907e-05,-0.147968572205,37.7585474555,90.7416643227,37.7585184902,90.5936957505
2.59699725447,-2.92334327762e-05,-0.148651789308,37.7185408529,90.7450884487,37.7185116195,90.5964366594
2.60898845543,-2.9504016091e-05,-0.14933816101,37.6785343127,90.7485283796,37.6785048087,90.5991902186
2.62103502376,-2.97771039047e-05,-0.150027701874,37.6385278354,90.7519841883,37.6384980583,90.6019564865
2.6331372151,-3.00527193951e-05,-0.150720426535,37.5985214216,90.7554559482,37.5984913689,90.6047355217
2.64529528629,-3.0330885964e-05,-0.151416349692,37.5585150718,90.7589437328,37.5584847409,90.6075273831
2.65750949534,-3.06116272185e-05,-0.152115486113,37.5185087867,90.7624476159,37.5184781751,90.6103321298
2.66978010146,-3.08949669941e-05,-0.152817850634,37.4785025669,90.7659676719,37.478471672,90.6131498213
2.68210736505,-3.11809293367e-05,-0.153523458159,37.438496413,90.7695039754,37.438465232,90.6159805172
2.69449154773,-3.14695385264e-05,-0.154232323662,37.3984903255,90.7730566012,37.398458856,90.6188242776
2.7069329123,-3.17608190567e-05,-0.154944462186,37.3584843051,90.7766256248,37.3584525443,90.6216811626
2.71943172279,-3.2054795657e-05,-0.155659888842,37.3184783525,90.7802111216,37.3184462977,90.6245512327
2.73198824445,-3.23514932806e-05,-0.156378618813,37.2784724682,90.7838131677,37.2784401167,90.6274345489
2.74460274375,-3.26509371124e-05,-0.157100667349,37.2384666529,90.7874318394,37.2384340019,90.630331172
2.7572754884,-3.29531525704e-05,-0.157826049774,37.1984609072,90.7910672134,37.198427954,90.6332411636
2.77000674732,-3.32581653081e-05,-0.15855478148,37.1584552317,90.7947193667,37.1584219735,90.6361645852
2.78279679071,-3.35660012209e-05,-0.159286877931,37.1184496271,90.7983883767,37.1184160611,90.6391014988
2.79564588999,-3.38766864319e-05,-0.160022354663,37.0784440942,90.8020743212,37.0784102175,90.6420519665
2.80855431783,-3.41902473226e-05,-0.160761227283,37.0384386334,90.8057772782,37.0384044432,90.6450160509
2.82152234819,-3.45067105021e-05,-0.161503511469,36.9984332456,90.8094973262,36.9983987388,90.6479938147
2.83455025625,-3.48261028381e-05,-0.162249222975,36.9584279313,90.813234544,36.9583931052,90.650985321
2.84763831851,-3.51484514429e-05,-0.162998377623,36.9184226912,90.8169890109,36.9183875428,90.6539906333
2.86078681271,-3.54737836741e-05,-0.163750991312,36.8784175261,90.8207608063,36.8783820523,90.657009815
2.87399601788,-3.58021271542e-05,-0.164507080011,36.8384124366,90.8245500102,36.8383766345,90.6600429302
2.88726621435,-3.61335097489e-05,-0.165266659767,36.7984074235,90.8283567028,36.79837129,90.663090043
2.90059768374,-3.6467959594e-05,-0.166029746696,36.7584024874,90.8321809648,36.7583660194,90.6661512181
2.91399070896,-3.6805505072e-05,-0.166796356992,36.718397629,90.8360228773,36.7183608235,90.6692265203
2.92744557424,-3.71461748422e-05,-0.167566506924,36.6783928492,90.8398825216,36.678355703,90.6723160147
2.9409625651,-3.74899978194e-05,-0.168340212833,36.6383881485,90.8437599794,36.6383506585,90.6754197666
2.95454196842,-3.78370031887e-05,-0.169117491138,36.5983835277,90.847655333,36.5983456907,90.6785378419
2.96818407236,-3.81872204069e-05,-0.169898358333,36.5583789876,90.8515686649,36.5583408004,90.6816703066
2.98188916644,-3.85406792027e-05,-0.170682830988,36.5183745289,90.8555000579,36.5183359882,90.6848172269
2.9956575415,-3.88974095789e-05,-0.17147092575,36.4783701524,90.8594495953,36.478331255,90.6879786696
3.00948948973,-3.92574418129e-05,-0.172262659343,36.4383658588,90.8634173609,36.4383266014,90.6911547016
3.02338530467,-3.96208064737e-05,-0.173058048567,36.3983616489,90.8674034386,36.3983220281,90.69434539
3.03734528122,-3.99875344018e-05,-0.173857110301,36.3583575235,90.8714079129,36.3583175359,90.6975508026
3.05136971562,-4.03576567273e-05,-0.174659861501,36.3183534833,90.8754308686,36.3183131256,90.7007710071
3.06545890551,-4.07312048647e-05,-0.175466319201,36.2783495291,90.879472391,36.2783087979,90.7040060718
3.07961314988,-4.11082105275e-05,-0.176276500515,36.2383456618,90.8835325656,36.2383045536,90.707256065
3.09383274911,-4.14887057184e-05,-0.177090422635,36.1983418822,90.8876114784,36.1983003935,90.7105210558
3.10811800496,-4.18727227286e-05,-0.177908102832,36.1583381909,90.8917092159,36.1582963182,90.713801113
3.12246922059,-4.22602941636e-05,-0.178729558459,36.118334589,90.8958258648,36.1182923287,90.7170963063
3.13688670056,-4.26514529181e-05,-0.179554806945,36.0783310771,90.8999615123,36.0782884257,90.7204067053
3.15137075084,-4.30462321986e-05,-0.180383865803,36.0383276562,90.904116246,36.03828461,90.7237323802
3.1659216788,-4.34446655131e-05,-0.181216752626,35.998324327,90.908290154,35.9982808824,90.7270734014
3.18053979324,-4.38467866822e-05,-0.182053485087,35.9583210905,90.9124833246,35.9582772437,90.7304298395
3.19522540439,-4.42526298428e-05,-0.182894080943,35.9183179474,90.9166958466,35.9182736948,90.7338017656
3.20997882388,-4.46622294425e-05,-0.183738558031,35.8783148986,90.9209278092,35.8782702364,90.7371892512
3.22480036483,-4.50756202516e-05,-0.184586934269,35.8383119451,90.9251793021,35.8382668695,90.7405923678
3.23969034177,-4.5492837359e-05,-0.185439227662,35.7983090877,90.9294504153,35.7982635948,90.7440111876
3.25464907069,-4.59139161822e-05,-0.186295456295,35.7583063272,90.9337412392,35.7582604133,90.7474457829
3.26967686904,-4.63388924648e-05,-0.187155638336,35.7183036646,90.9380518648,35.7182573257,90.7508962264
3.28477405573,-4.67678022791e-05,-0.18801979204,35.6783011008,90.9423823832,35.678254333,90.7543625912
3.29994095117,-4.72006820314e-05,-0.188887935742,35.6382986367,90.9467328863,35.638251436,90.7578449505
3.31517787721,-4.76375684708e-05,-0.189760087866,35.5982962732,90.9511034661,35.5982486357,90.7613433782
3.33048515721,-4.80784986796e-05,-0.190636266918,35.5582940113,90.9554942151,35.5582459328,90.7648579482
3.34586311602,-4.8523510087e-05,-0.191516491491,35.5182918518,90.9599052264,35.5182433283,90.7683887349
3.36131207998,-4.89726404655e-05,-0.192400780262,35.4782897958,90.9643365934,35.4782408232,90.7719358131
3.37683237696,-4.94259279437e-05,-0.193289151997,35.4382878442,90.9687884098,35.4382384183,90.7754992578
3.39242433631,-4.98834109942e-05,-0.194181625547,35.398285998,90.97326077,35.3982361146,90.7790791445
3.40808828893,-5.03451284552e-05,-0.195078219849,35.358284258,90.9777537686,35.3582339129,90.7826755488
3.42382456724,-5.08111195151e-05,-0.195978953929,35.3182826254,90.9822675008,35.3182318143,90.7862885469
3.43963350518,-5.12814237304e-05,-0.196883846901,35.2782811011,90.9868020621,35.2782298197,90.7899182152
3.45551543825,-5.17560810225e-05,-0.197792917966,35.2382796862,90.9913575485,35.2382279301,90.7935646305
3.4714707035,-5.22351316857e-05,-0.198706186414,35.1982783815,90.9959340565,35.1982261464,90.7972278701
3.48749963951,-5.27186163789e-05,-0.199623671625,35.1582771882,91.000531683,35.1582244696,90.8009080114
3.50360258646,-5.32065761459e-05,-0.200545393068,35.1182761073,91.0051505252,35.1182229007,90.8046051322
3.51977988608,-5.36990524056e-05,-0.201471370302,35.0782751397,91.0097906811,35.0782214407,90.8083193108
3.53603188167,-5.41960869616e-05,-0.202401622974,35.0382742867,91.0144522487,35.0382200906,90.8120506257
3.55235891814,-5.46977220053e-05,-0.203336170825,34.9982735492,91.0191353268,34.9982188514,90.815799156
3.56876134198,-5.52040001156e-05,-0.204275033686,34.9582729282,91.0238400146,34.9582177242,90.8195649809
3.58523950126,-5.5714964271e-05,-0.205218231479,34.9182724249,91.0285664115,34.91821671,90.8233481801
3.6017937457,-5.6230657843e-05,-0.206165784218,34.8782720404,91.0333146177,34.8782158098,90.8271488335
3.61842442659,-5.67511246026e-05,-0.20711771201,34.8382717757,91.0380847337,34.8382150246,90.8309670217
3.63513189687,-5.72764087318e-05,-0.208074035054,34.7982716321,91.0428768604,34.7982143556,90.8348028253
3.6519165111,-5.78065548222e-05,-0.209034773644,34.7582716104,91.0476910992,34.7582138039,90.8386563256
3.66877862549,-5.83416078684e-05,-0.209999948165,34.718271712,91.0525275521,34.7182133704,90.8425276039
3.68571859787,-5.88816132917e-05,-0.210969579098,34.678271938,91.0573863214,34.6782130564,90.8464167423
3.70273678775,-5.94266169296e-05,-0.211943687018,34.6382722894,91.0622675099,34.6382128628,90.8503238229
3.71983355627,-5.99766650451e-05,-0.212922292596,34.5982727676,91.067171221,34.5982127909,90.8542489284
3.73700926627,-6.05318043264e-05,-0.213905416596,34.5582733735,91.0720975584,34.5582128417,90.8581921418
3.75426428223,-6.10920818966e-05,-0.21489307988,34.5182741085,91.0770466263,34.5182130164,90.8621535465
3.77159897035,-6.1657545314e-05,-0.215885303406,34.4782749737,91.0820185296,34.4782133161,90.8661332262
3.7890136985,-6.22282425811e-05,-0.216882108228,34.4382759703,91.0870133734,34.438213742,90.8701312652
3.80650883625,-6.28042221366e-05,-0.217883515497,34.3982770995,91.0920312634,34.3982142953,90.8741477479
3.82408475487,-6.33855328713e-05,-0.218889546463,34.3582783626,91.0970723058,34.358214977,90.8781827594
3.84174182736,-6.39722241304e-05,-0.219900222473,34.3182797607,91.1021366073,34.3182157885,90.8822363849
3.85948042843,-6.45643457179e-05,-0.220915564973,34.2782812953,91.107224275,34.2782167309,90.8863087101
3.87730093452,-6.51619478914e-05,-0.221935595508,34.2382829674,91.1123354166,34.2382178055,90.8903998211
3.89520372383,-6.57650813769e-05,-0.222960335721,34.1982847784,91.1174701402,34.1982190133,90.8945098045
3.91318917628,-6.6373797375e-05,-0.223989807358,34.1582867296,91.1226285545,34.1582203558,90.8986387471
3.93125767355,-6.6988147551e-05,-0.225024032262,34.1182888222,91.1278107685,34.1182218341,90.9027867362
3.94940959908,-6.76081840566e-05,-0.226063032379,34.0782910576,91.1330168919,34.0782234494,90.9069538596
3.9676453381,-6.82339595224e-05,-0.227106829756,34.0382934371,91.138247035,34.0382252032,90.9111402052
3.9859652776,-6.88655270653e-05,-0.228155446541,33.998295962,91.1435013082,33.9982270965,90.9153458616
4.00436980636,-6.95029402929e-05,-0.229208904986,33.9582986337,91.1487798228,33.9582291308,90.9195709178
4.02285931495,-7.01462533145e-05,-0.230267227442,33.9183014535,91.1540826904,33.9182313072,90.9238154629
4.04143419577,-7.07955207358e-05,-0.231330436368,33.8783044228,91.1594100232,33.8782336273,90.9280795868
4.06009484299,-7.14507976681e-05,-0.232398554322,33.838307543,91.1647619339,33.8382360922,90.9323633796
4.07884165263,-7.21121397346e-05,-0.23347160397,33.7983108154,91.1701385356,33.7982387033,90.9366669317
4.09767502253,-7.27796030706e-05,-0.234549608081,33.7583142415,91.1755399422,33.7582414619,90.9409903341
4.11659535238,-7.34532443352e-05,-0.235632589528,33.7183178227,91.1809662678,33.7182443695,90.9453336783
4.13560304368,-7.41331207063e-05,-0.236720571292,33.6783215605,91.1864176273,33.6782474274,90.949697056
4.15469849982,-7.48192898959e-05,-0.237813576458,33.6383254562,91.1918941358,33.638250637,90.9540805594
4.17388212605,-7.55118101486e-05,-0.238911628218,33.5983295114,91.1973959093,33.5982539996,90.9584842811
4.19315432946,-7.62107402461e-05,-0.240014749872,33.5583337275,91.2029230641,33.5582575168,90.9629083142
4.21251551905,-7.69161395157e-05,-0.241122964827,33.518338106,91.208475717,33.5182611899,90.9673527522
4.2319661057,-7.76280678368e-05,-0.242236296598,33.4783426485,91.2140539855,33.4782650204,90.9718176889
4.25150650218,-7.8346585636e-05,-0.243354768808,33.4383473563,91.2196579876,33.4382690097,90.9763032188
4.27113712318,-7.90717539066e-05,-0.24447840519,33.3983522311,91.2252878417,33.3982731593,90.9808094365
4.2908583853,-7.98036341988e-05,-0.245607229586,33.3583572744,91.2309436669,33.3582774707,90.9853364373
4.31067070704,-8.05422886428e-05,-0.246741265947,33.3183624877,91.2366255827,33.3182819454,90.9898843168
4.33057450888,-8.12877799318e-05,-0.247880538338,33.2783678727,91.2423337094,33.2782865849,90.994453171
4.35057021319,-8.20401713483e-05,-0.249025070931,33.2383734309,91.2480681675,33.2382913907,90.9990430966
4.37065824432,-8.27995267572e-05,-0.250174888012,33.1983791639,91.2538290784,33.1982963644,91.0036541904
4.39083902859,-8.35659106157e-05,-0.251330013978,33.1583850734,91.2596165638,33.1583015074,91.0082865498
4.41111299425,-8.43393879721e-05,-0.25249047334,33.1183911609,91.265430746,33.1183068215,91.0129402727
4.43148057156,-8.51200244861e-05,-0.253656290721,33.0783974281,91.271271748,33.0783123081,91.0176154573
4.45194219276,-8.59078864174e-05,-0.254827490857,33.0384038767,91.2771396932,33.0383179688,91.0223122024
4.47249829208,-8.67030406417e-05,-0.256004098599,32.9984105083,91.2830347058,32.9983238053,91.0270306072
4.49314930575,-8.75055546571e-05,-0.257186138914,32.9584173247,91.2889569102,32.9583298192,91.0317707712
4.51389567202,-8.83154965775e-05,-0.258373636882,32.9184243276,91.2949064316,32.9183360121,91.0365327947
4.53473783118,-8.91329351576e-05,-0.2595666177,32.8784315186,91.3008833958,32.8783423857,91.0413167781
4.55567622552,-8.99579397816e-05,-0.260765106681,32.8384388995,91.3068879292,32.8383489416,91.0461228225
4.57671129941,-9.07905804761e-05,-0.261969129254,32.7984464721,91.3129201586,32.7983556815,91.0509510293
4.59784349923,-9.16309279195e-05,-0.263178710968,32.7584542382,91.3189802115,32.7583626073,91.0558015005
4.61907327345,-9.24790534423e-05,-0.264393877487,32.7184621995,91.3250682159,32.7183697204,91.0606743384
4.64040107261,-9.33350290346e-05,-0.265614654595,32.6784703578,91.3311843006,32.6783770228,91.065569646
4.66182734932,-9.41989273539e-05,-0.266841068195,32.638478715,91.3373285947,32.638384516,91.0704875265
4.68335255828,-9.50708217289e-05,-0.268073144308,32.5984872728,91.343501228,32.598392202,91.0754280837
4.7049771563,-9.59507861672e-05,-0.269310909078,32.5584960333,91.3497023311,32.5584000825,91.080391422
4.72670160229,-9.6838895364e-05,-0.270554388766,32.5185049981,91.3559320349,32.5184081592,91.0853776461
4.74852635727,-9.77352247043e-05,-0.271803609757,32.4785141693,91.362190471,32.4784164341,91.0903868612
4.77045188442,-9.86398502662e-05,-0.273058598557,32.4385235487,91.3684777717,32.4384249089,91.0954191731
4.79247864903,-9.95528488388e-05,-0.274319381795,32.3985331383,91.3747940697,32.3984335854,91.1004746879
4.81460711854,-0.000100474297919,-0.275585986221,32.3585429399,91.3811394985,32.3584424656,91.1055535123
4.83683776256,-0.000101404275719,-0.27685843871,32.3185529556,91.3875141922,32.3184515513,91.1106557535
4.85917105287,-0.00010234286118,-0.278136766261,32.2785631873,91.3939182853,32.2784608445,91.115781519
4.88160746341,-0.000103290133967,-0.279420995997,32.2385736371,91.4003519132,32.238470347,91.1209309172
4.90414747033,-0.000104246174491,-0.280711155166,32.1985843069,91.4068152117,32.1984800607,91.1261040566
4.92679155197,-0.000105211063896,-0.282007271143,32.1585951988,91.4133083174,32.1584899877,91.1313010463
4.94954018887,-0.000106184884089,-0.283309371429,32.1186063148,91.4198313674,32.1185001299,91.1365219959
4.97239386381,-0.000107167717724,-0.284617483651,32.078617657,91.4263844993,32.0785104893,91.1417670157
4.99535306176,-0.000108159648226,-0.285931635563,32.0386292275,91.4329678517,32.0385210679,91.1470362161
5.01841826998,-0.000109160759796,-0.287251855049,31.9986410284,91.4395815635,31.9985318677,91.1523297084
5.04158997795,-0.000110171137404,-0.288578170121,31.9586530619,91.4462257744,31.9585428908,91.1576476042
5.0648686774,-0.000111190866817,-0.28991060892,31.91866533,91.4529006246,31.9185541392,91.1629900157
5.08825486236,-0.000112220034585,-0.291249199717,31.878677835,91.4596062551,31.878565615,91.1683570554
5.11174902913,-0.00011325872807,-0.292593970913,31.8386905791,91.4663428075,31.8385773204,91.1737488366
5.13535167628,-0.000114307035435,-0.293944951041,31.7987035644,91.4731104239,31.7985892573,91.1791654729
5.15906330471,-0.000115365045661,-0.295302168765,31.7587167932,91.4799092473,31.7586014281,91.1846070786
5.18288441763,-0.00011643284855,-0.296665652881,31.7187302677,91.4867394212,31.7186138348,91.1900737683
5.20681552055,-0.000117510534745,-0.298035432318,31.6787439902,91.4936010896,31.6786264797,91.1955656573
5.23085712135,-0.000118598195715,-0.299411536141,31.638757963,91.5004943976,31.6386393648,91.2010828614
5.25500973022,-0.000119695923784,-0.300793993545,31.5987721884,91.5074194904,31.5986524925,91.2066254969
5.27927385972,-0.000120803812127,-0.302182833863,31.5587866688,91.5143765144,31.558665865,91.2121936806
5.3036500248,-0.00012192195478,-0.303578086561,31.5188014065,91.5213656163,31.5186794845,91.2177875298
5.32813874274,-0.000123050446655,-0.304979781243,31.4788164039,91.5283869436,31.4786933534,91.2234071624
5.35274053324,-0.000124189383538,-0.306387947648,31.4388316633,91.5354406445,31.4387074739,91.2290526969
5.3774559184,-0.000125338862102,-0.307802615653,31.3988471873,91.5425268678,31.3987218484,91.2347242521
5.40228542273,-0.000126498979913,-0.309223815274,31.3588629782,91.549645763,31.3587364792,91.2404219477
5.42722957314,-0.000127669835444,-0.310651576664,31.3188790385,91.5567974803,31.3187513686,91.2461459037
5.452288899,-0.000128851528077,-0.312085930115,31.2788953707,91.5639821707,31.2787665192,91.2518962406
5.47746393211,-0.000130044158115,-0.313526906059,31.2389119774,91.5711999856,31.2387819332,91.2576730795
5.50275520673,-0.000131247826786,-0.31497453507,31.198928861,91.5784510773,31.1987976131,91.2634765423
5.52816325958,-0.000132462636258,-0.316428847861,31.1589460241,91.5857355988,31.1588135614,91.269306751
5.55368862988,-0.000133688689646,-0.317889875287,31.1189634693,91.5930537038,31.1188297806,91.2751638285
5.5793318593,-0.000134926091015,-0.319357648348,31.0789811992,91.6004055465,31.0788462731,91.2810478981
5.60509349206,-0.000136174945396,-0.320832198183,31.0389992165,91.607791282,31.0388630415,91.2869590838
5.63097407485,-0.000137435358791,-0.322313556077,30.9990175237,91.6152110661,30.9988800883,91.2928975101
5.65697415691,-0.000138707438184,-0.323801753461,30.9590361236,91.6226650553,30.9588974162,91.2988633019
5.68309429,-0.000139991291547,-0.325296821907,30.9190550189,91.6301534067,30.9189150276,91.3048565848
5.70933502844,-0.000141287027854,-0.326798793136,30.8790742123,91.6376762782,30.8789329253,91.3108774851
5.73569692911,-0.000142594757086,-0.328307699014,30.8390937066,91.6452338285,30.8389511118,91.3169261295
5.76218055146,-0.000143914590239,-0.329823571554,30.7991135045,91.6528262168,30.7989695899,91.3230026452
5.7887864575,-0.000145246639345,-0.331346442918,30.7591336088,91.6604536032,30.7589883622,91.3291071603
5.81551521187,-0.000146591017463,-0.332876345414,30.7191540225,91.6681161486,30.7190074315,91.3352398031
5.8423673818,-0.000147947838705,-0.334413311502,30.6791747483,91.6758140143,30.6790268004,91.3414007028
5.86934353713,-0.000149317218233,-0.335957373788,30.639195789,91.6835473628,30.6390464718,91.347589989
5.89644425036,-0.000150699272283,-0.337508565034,30.5992171478,91.6913163568,30.5990664485,91.3538077918
5.9236700966,-0.000152094118157,-0.339066918147,30.5592388274,91.6991211603,30.5590867332,91.3600542422
5.95102165364,-0.000153501874251,-0.34063246619,30.5192608308,91.7069619377,30.5191073289,91.3663294715
5.97849950193,-0.000154922660051,-0.342205242378,30.479283161,91.7148388541,30.4791282384,91.3726336117
6.00610422458,-0.000156356596155,-0.343785280078,30.4393058211,91.7227520756,30.4391494645,91.3789667955
6.03383640744,-0.000157803804271,-0.345372612811,30.3993288141,91.7307017689,30.3991710103,91.385329156
6.06169663901,-0.000159264407236,-0.346967274255,30.3593521431,91.7386881014,30.3591928787,91.3917208271
6.08968551055,-0.000160738529019,-0.348569298239,30.3193758111,91.7467112414,30.3192150726,91.3981419432
6.11780361603,-0.000162226294749,-0.350178718753,30.2793998213,91.754771358,30.279237595,91.4045926392
6.14605155216,-0.000163727830699,-0.351795569941,30.2394241769,91.7628686208,30.2392604491,91.4110730508
6.17442991842,-0.000165243264317,-0.353419886105,30.1994488811,91.7710032004,30.1992836378,91.4175833143
6.20293931704,-0.000166772724232,-0.355051701706,30.159473937,91.7791752682,30.1593071643,91.4241235665
6.23158035305,-0.000168316340258,-0.356691051362,30.119499348,91.7873849963,30.1193310317,91.4306939449
6.26035363426,-0.000169874243417,-0.358337969854,30.0795251173,91.7956325575,30.079355243,91.4372945876
6.28925977129,-0.00017144656594,-0.35999249212,30.0395512482,91.8039181254,30.0393798016,91.4439256333
6.31829937757,-0.00017303344128,-0.361654653262,29.999577744,91.8122418746,29.9994047106,91.4505872213
6.34747306939,-0.000174635004124,-0.363324488542,29.9596046082,91.8206039803,29.9594299732,91.4572794917
6.37678146585,-0.000176251390416,-0.365002033386,29.9196318441,91.8290046184,29.9194555927,91.464002585
6.40622518894,-0.000177882737344,-0.366687323383,29.8796594552,91.8374439659,29.8794815724,91.4707566425
6.4358048635,-0.000179529183375,-0.368380394287,29.8396874449,91.8459222004,29.8395079157,91.4775418061
6.46552111727,-0.000181190868253,-0.370081282014,29.7997158167,91.8544395002,29.7995346259,91.4843582182
6.49537458087,-0.000182867933019,-0.37179002265,29.7597445742,91.8629960447,29.7595617063,91.4912060221
6.52536588785,-0.000184560520016,-0.373506652444,29.7197737209,91.871592014,29.7195891604,91.4980853615
6.55549567469,-0.000186268772904,-0.375231207814,29.6798032604,91.8802275888,29.6796169917,91.504996381
6.58576458078,-0.000187992836676,-0.376963725345,29.6398331964,91.8889029509,29.6396452036,91.5119392255
6.61617324849,-0.000189732857662,-0.378704241793,29.5998635325,91.8976182827,29.5996737996,91.518914041
6.64672232314,-0.000191488983552,-0.380452794081,29.5598942724,91.9063737678,29.5597027834,91.5259209737
6.67741245304,-0.000193261363396,-0.382209419304,29.5199254198,91.9151695901,29.5197321584,91.5329601708
6.70824428948,-0.000195050147631,-0.383974154726,29.4799569784,91.9240059347,29.4797619283,91.54003178
6.73921848678,-0.000196855488079,-0.385747037786,29.4399889522,91.9328829875,29.4397920967,91.5471359497
6.77033570227,-0.000198677537973,-0.387528106094,29.4000213449,91.9418009351,29.3998226674,91.554272829
6.80159659629,-0.000200516451956,-0.389317397432,29.3600541604,91.9507599651,29.359853644,91.5614425676
6.83300183227,-0.000202372386115,-0.39111494976,29.3200874026,91.9597602658,29.3198850302,91.568645316
6.86455207669,-0.000204245497967,-0.39292080121,29.2801210755,91.9688020265,29.27991683,91.5758812252
6.89624799908,-0.000206135946497,-0.394734990091,29.2401551829,91.9778854372,29.239949047,91.5831504471
6.9280902721,-0.000208043892159,-0.39655755489,29.200189729,91.9870106889,29.1999816851,91.590453134
6.9600795715,-0.000209969496887,-0.398388534268,29.1602247177,91.9961779733,29.1600147482,91.5977894391
6.99221657614,-0.000211912924121,-0.400227967069,29.1202601532,92.0053874833,29.1200482403,91.6051595162
7.02450196803,-0.000213874338804,-0.402075892313,29.0802960396,92.0146394122,29.0800821653,91.6125635199
7.05693643233,-0.000215853907416,-0.4039323492,29.0403323811,92.0239339545,29.0401165272,91.6200016053
7.08952065735,-0.000217851797973,-0.405797377113,29.0003691818,92.0332713055,29.00015133,91.6274739284
7.12225533458,-0.000219868180045,-0.407671015615,28.960406446,92.0426516614,28.9601865778,91.6349806457
7.15514115871,-0.000221903224771,-0.409553304452,28.920444178,92.0520752191,28.9202222748,91.6425219147
7.18817882765,-0.000223957104873,-0.411444283553,28.880482382,92.0615421768,28.8802584249,91.6500978932
7.2213690425,-0.000226029994675,-0.413343993031,28.8405210626,92.0710527331,28.8402950326,91.6577087401
7.25471250762,-0.000228122070114,-0.415252473185,28.8005602239,92.0806070879,28.8003321019,91.6653546148
7.28820993063,-0.00023023350875,-0.4171697645,28.7605998706,92.0902054418,28.7603696371,91.6730356773
7.32186202238,-0.000232364489792,-0.419095907646,28.720640007,92.0998479963,28.7204076425,91.6807520886
7.35566949705,-0.000234515194103,-0.421030943482,28.6806806377,92.1095349538,28.6804461225,91.6885040103
7.38963307209,-0.000236685804222,-0.422974913057,28.6407217673,92.1192665178,28.6404850815,91.6962916047
7.42375346826,-0.000238876504378,-0.424927857605,28.6007634003,92.1290428924,28.6005245238,91.7041150348
7.45803140965,-0.000241087480504,-0.426889818554,28.5608055414,92.1388642829,28.560564454,91.7119744644
7.49246762372,-0.000243318920249,-0.428860837522,28.5208481954,92.1487308955,28.5206048764,91.719870058
7.52706284125,-0.000245571013006,-0.430840956319,28.4808913668,92.1586429371,28.4806457958,91.7278019808
7.56181779642,-0.000247843949918,-0.432830216947,28.4409350605,92.1686006157,28.4406872166,91.7357703987
7.59673322679,-0.000250137923896,-0.434828661603,28.4009792814,92.1786041403,28.4007291435,91.7437754787
7.63180987332,-0.000252453129634,-0.436836332678,28.3610240343,92.1886537206,28.3607715811,91.7518173879
7.66704848041,-0.000254789763633,-0.438853272758,28.321069324,92.1987495676,28.3208145343,91.7598962948
7.70244979588,-0.000257148024209,-0.440879524627,28.2811151556,92.2088918929,28.2808580076,91.7680123682
7.73801457101,-0.000259528111512,-0.442915131265,28.2411615341,92.2190809092,28.240902006,91.7761657779
7.77374356055,-0.000261930227544,-0.444960135851,28.2012084645,92.2293168302,28.2009465342,91.7843566943
7.80963752273,-0.000264354576181,-0.447014581763,28.1612559518,92.2395998705,28.1609915973,91.7925852887
7.84569721928,-0.000266801363184,-0.449078512577,28.1213040013,92.2499302457,28.1210372,91.8008517331
7.88192341546,-0.000269270796213,-0.451151972074,28.0813526181,92.2603081723,28.0810833473,91.8091562002
7.91831688004,-0.000271763084856,-0.453235004234,28.0414018075,92.2707338678,28.0411300444,91.8174988635
7.95487838537,-0.000274278440636,-0.45532765324,28.0014515747,92.2812075507,28.0011772963,91.8258798975
7.99160870734,-0.000276817077037,-0.45742996348,27.9615019251,92.2917294405,27.961225108,91.834299477
8.02850862544,-0.000279379209514,-0.459541979546,27.921552864,92.3022997577,27.9212734848,91.8427577781
8.06557892274,-0.00028196505552,-0.461663746236,27.8816043969,92.3129187236,27.8813224318,91.8512549774
8.10282038595,-0.00028457483452,-0.463795308554,27.8416565293,92.3235865608,27.8413719544,91.8597912522
8.14023380539,-0.000287208768005,-0.465936711712,27.8017092666,92.3343034926,27.8014220578,91.8683667809
8.17781997505,-0.000289867079521,-0.468088001131,27.7617626145,92.3450697435,27.7614727475,91.8769817423
8.21557969256,-0.00029254999468,-0.470249222441,27.7218165787,92.3558855389,27.7215240287,91.8856363164
8.25351375927,-0.000295257741184,-0.472420421481,27.6818711647,92.3667511052,27.6815759069,91.8943306838
8.29162298019,-0.000297990548839,-0.474601644304,27.6419263783,92.37766667,27.6416283878,91.9030650257
8.32990816407,-0.000300748649579,-0.476792937173,27.6019822254,92.3886324618,27.6016814767,91.9118395246
8.36837012339,-0.000303532277483,-0.478994346567,27.5620387117,92.3996487099,27.5617351794,91.9206543633
8.40700967438,-0.000306341668798,-0.481205919177,27.5220958431,92.4107156449,27.5217895015,91.9295097258
8.44582763704,-0.000309177061955,-0.48342770191,27.4821536257,92.4218334985,27.4818444486,91.9384057966
8.48482483516,-0.000312038697595,-0.485659741889,27.4422120654,92.4330025031,27.4419000267,91.9473427612
8.52400209633,-0.00031492681858,-0.487902086456,27.4022711682,92.4442228924,27.4019562414,91.956320806
8.56336025195,-0.000317841670026,-0.490154783169,27.3623309403,92.4554949012,27.3620130987,91.965340118
8.60290013729,-0.000320783499309,-0.492417879807,27.3223913879,92.466818765,27.3220706044,91.9744008852
8.64262259144,-0.000323752556103,-0.494691424369,27.2824525172,92.4781947207,27.2821287646,91.9835032963
8.68252845738,-0.000326749092386,-0.496975465074,27.2425143344,92.4896230061,27.2421875853,91.992647541
8.722618582,-0.00032977336247,-0.499270050365,27.202576846,92.5011038601,27.2022470726,92.0018338098
8.76289381606,-0.000332825623016,-0.501575228907,27.1626400582,92.5126375227,27.1623072326,92.0110622938
8.8033550143,-0.000335906133069,-0.503891049592,27.1227039777,92.5242242349,27.1223680715,92.0203331853
8.84400303535,-0.000339015154064,-0.506217561533,27.0827686108,92.5358642387,27.0824295957,92.0296466772
8.88483874185,-0.000342152949856,-0.508554814074,27.0428339643,92.5475577775,27.0424918113,92.0390029634
8.92586300041,-0.00034531978674,-0.510902856783,27.0029000446,92.5593050953,27.0025547248,92.0484022385
8.96707668162,-0.000348515933481,-0.51326173946,26.9629668586,92.5711064376,26.9626183426,92.0578446981
9.00848066012,-0.000351741661326,-0.515631512131,26.9230344129,92.5829620508,26.9226826712,92.0673305387
9.05007581458,-0.00035499724403,-0.518012225055,26.8831027145,92.5948721825,26.8827477172,92.0768599574
9.09186302771,-0.00035828295789,-0.520403928722,26.8431717701,92.6068370812,26.8428134872,92.0864331525
9.13384318632,-0.000361599081746,-0.522806673855,26.8032415868,92.6188569968,26.8028799877,92.096050323
9.1760171813,-0.00036494589703,-0.52522051141,26.7633121716,92.6309321801,26.7629472257,92.1057116687
9.21838590765,-0.000368323687775,-0.52764549258,26.7233835315,92.643062883,26.7230152078,92.1154173904
9.26095026452,-0.000371732740638,-0.530081668791,26.6834556737,92.6552493586,26.6830839409,92.1251676898
9.30371115519,-0.000375173344931,-0.53252909171,26.6435286054,92.6674918612,26.643153432,92.1349627695
9.34666948714,-0.000378645792646,-0.534987813237,26.6036023338,92.6797906461,26.603223688,92.1448028328
9.389826172,-0.00038215037847,-0.537457885517,26.5636768664,92.6921459697,26.563294716,92.1546880841
9.43318212565,-0.000385687399825,-0.539939360931,26.5237522105,92.7045580896,26.5233665231,92.1646187287
9.47673826817,-0.000389257156876,-0.542432292103,26.4838283736,92.7170272646,26.4834391164,92.1745949725
9.5204955239,-0.000392859952574,-0.544936731901,26.4439053632,92.7295537547,26.4435125033,92.1846170228
9.56445482145,-0.000396496092665,-0.547452733434,26.403983187,92.7421378207,26.4035866909,92.1946850873
9.60861709371,-0.000400165885731,-0.549980350058,26.3640618527,92.754779725,26.3636616868,92.2047993749
9.65298327789,-0.000403869643202,-0.552519635373,26.324141368,92.7674797309,26.3237374983,92.2149600955
9.69755431551,-0.0004076076794,-0.555070643229,26.2842217407,92.7802381029,26.283814133,92.2251674597
9.74233115245,-0.000411380311542,-0.557633427721,26.2443029787,92.7930551067,26.2438915984,92.235421679
9.78731473895,-0.000415187859792,-0.560208043196,26.20438509,92.8059310092,26.2039699022,92.245722966
9.83250602965,-0.000419030647269,-0.562794544249,26.1644680827,92.8188660784,26.1640490521,92.2560715342
9.87790598359,-0.000422909000084,-0.56539298573,26.1245519649,92.8318605836,26.1241290559,92.2664675979
9.92351556422,-0.000426823247365,-0.568003422737,26.0846367447,92.8449147951,26.0842099214,92.2769113724
9.96933573948,-0.000430773721287,-0.570625910627,26.0447224304,92.8580289847,26.0442916567,92.2874030741
10.0153674817,-0.000434760757094,-0.573260505009,26.0048090304,92.871203425,26.0043742697,92.29794292
10.0616117679,-0.000438784693134,-0.575907261749,25.9648965531,92.8844383902,25.9644577684,92.3085311284
10.1080695793,-0.000442845870891,-0.578566236971,25.924985007,92.8977341554,25.9245421612,92.3191679184
10.1547419019,-0.000446944635,-0.581237487058,25.8850744007,92.911090997,25.884627456,92.32985351
10.2016297261,-0.000451081333288,-0.583921068651,25.8451647427,92.9245091928,25.8447136614,92.3405881241
10.248734047,-0.000455256316801,-0.586617038654,25.805256042,92.9379890215,25.8048007857,92.3513719829
10.2960558643,-0.000459469939831,-0.589325454232,25.7653483072,92.9515307634,25.7648888372,92.3622053091
10.3435961822,-0.000463722559952,-0.592046372815,25.7254415472,92.9651346996,25.7249778246,92.3730883268
10.3913560095,-0.000468014538039,-0.594779852096,25.6855357711,92.9788011128,25.6850677565,92.3840212607
10.4393363599,-0.000472346238316,-0.597525950034,25.6456309878,92.9925302868,25.6451586416,92.3950043368
10.4875382515,-0.000476718028365,-0.600284724856,25.6057272066,93.0063225066,25.6052504886,92.4060377817
10.5359627072,-0.000481130279181,-0.603056235058,25.5658244366,93.0201780585,25.5653433064,92.4171218235
10.5846107549,-0.000485583365178,-0.605840539403,25.5259226872,93.0340972302,25.5254371039,92.4282566908
10.6334834267,-0.000490077664248,-0.608637696926,25.4860219678,93.0480803103,25.4855318901,92.4394426134
10.68258176,-0.00049461355777,-0.611447766936,25.4461222878,93.062127589,25.4456276742,92.4506798221
10.7319067966,-0.000499191430653,-0.614270809013,25.4062236568,93.0762393577,25.4057244653,92.4619685487
10.7814595833,-0.00050381167137,-0.617106883011,25.3663260844,93.0904159089,25.3658222727,92.4733090259
10.8312411717,-0.000508474671983,-0.619956049062,25.3264295804,93.1046575366,25.3259211057,92.4847014876
10.8812526183,-0.000513180828189,-0.622818367574,25.2865341547,93.118964536,25.2860209738,92.4961461684
10.9314949844,-0.000517930539337,-0.625693899233,25.2466398171,93.1333372035,25.2461218865,92.5076433043
10.9819693363,-0.000522724208475,-0.628582705005,25.2067465776,93.147775837,25.2062238534,92.519193132
11.032676745,-0.000527562242383,-0.631484846137,25.1668544465,93.1622807355,25.1663268842,92.5307958893
11.0836182867,-0.000532445051597,-0.634400384158,25.1269634337,93.1768521993,25.1264309887,92.5424518152
11.1347950424,-0.000537373050459,-0.63732938088,25.0870735498,93.1914905303,25.0865361767,92.5541611494
11.1862080983,-0.000542346657136,-0.640271898401,25.0471848049,93.2061960313,25.0466424582,92.5659241329
11.2378585454,-0.000547366293671,-0.643227999104,25.0072972097,93.2209690068,25.0067498434,92.5777410077
11.2897474798,-0.000552432386006,-0.64619774566,24.9674107746,93.2358097623,24.9668583422,92.5896120166
11.3418760027,-0.000557545364027,-0.649181201028,24.9275255104,93.2507186049,24.926967965,92.6015374039
11.3942452203,-0.000562705661596,-0.652178428458,24.8876414278,93.2656958428,24.8870787221,92.6135174144
11.446856244,-0.000567913716589,-0.65518949149,24.8477585377,93.2807417858,24.847190624,92.6255522943
11.4997101904,-0.000573169970932,-0.658214453959,24.807876851,93.2958567448,24.807303681,92.6376422908
11.552808181,-0.000578474870639,-0.661253379991,24.7679963789,93.3110410322,24.767417904,92.6497876522
11.6061513427,-0.00058382886585,-0.664306334011,24.7281171324,93.3262949616,24.7275333035,92.6619886276
11.6597408076,-0.000589232410872,-0.667373380737,24.6882391229,93.3416188482,24.6876498905,92.6742454675
11.7135777128,-0.000594685964214,-0.670454585187,24.6483623617,93.3570130084,24.6477676757,92.6865584232
11.767663201,-0.000600189988622,-0.673550012679,24.6084868603,93.37247776,24.6078866703,92.6989277473
11.8219984199,-0.000605744951128,-0.676659728831,24.5686126303,93.3880134221,24.5680068853,92.7113536933
11.8765845226,-0.000611351323084,-0.679783799564,24.5287396833,93.4036203153,24.528128332,92.7238365158
11.9314226674,-0.000617009580199,-0.682922291101,24.4888680312,93.4192987616,24.4882510216,92.7363764705
11.9865140183,-0.000622720202588,-0.686075269971,24.4489976858,93.4350490843,24.4483749656,92.7489738143
12.0418597443,-0.0006284836748,-0.68924280301,24.4091286592,93.4508716081,24.4085001756,92.7616288051
12.0974610199,-0.000634300485875,-0.692424957362,24.3692609635,93.4667666591,24.368626663,92.7743417017
12.1533190251,-0.000640171129371,-0.695621800478,24.3293946109,93.4827345649,24.3287544398,92.7871127644
12.2094349453,-0.000646096103409,-0.698833400121,24.2895296138,93.4987756544,24.2888835177,92.7999422543
12.2658099714,-0.00065207591073,-0.702059824368,24.2496659845,93.514890258,24.2490139086,92.8128304337
12.3224452998,-0.000658111058711,-0.705301141605,24.2098037357,93.5310787075,24.2091456247,92.8257775659
12.3793421323,-0.000664202059432,-0.708557420538,24.1699428801,93.5473413361,24.169278678,92.8387839155
12.4365016765,-0.000670349429705,-0.711828730185,24.1300834304,93.5636784783,24.129413081,92.8518497482
12.4939251453,-0.000676553691127,-0.715115139884,24.0902253996,93.5800904704,24.0895488459,92.8649753305
12.5516137573,-0.000682815370118,-0.718416719293,24.0503688006,93.5965776498,24.0496859853,92.8781609305
12.6095687369,-0.000689134997965,-0.721733538389,24.0105136467,93.6131403554,24.0098245117,92.891406817
12.667791314,-0.000695513110872,-0.725065667472,23.9706599511,93.6297789278,23.969964438,92.9047132603
12.726282724,-0.000701950250005,-0.728413177165,23.9308077272,93.6464937087,23.930105777,92.9180805315
12.7850442084,-0.000708446961532,-0.731776138418,23.8909569885,93.6632850415,23.8902485415,92.9315089031
12.8440770141,-0.000715003796671,-0.735154622504,23.8511077486,93.680153271,23.8503927448,92.9449986485
12.903382394,-0.000721621311745,-0.738548701029,23.8112600214,93.6970987435,23.8105384001,92.9585500425
12.9629616065,-0.000728300068221,-0.741958445925,23.7714138206,93.7141218068,23.7706855205,92.9721633609
13.022815916,-0.000735040632756,-0.745383929456,23.7315691603,93.73122281,23.7308341197,92.9858388806
13.0829465929,-0.000741843577253,-0.748825224218,23.6917260547,93.748402104,23.6909842111,92.9995768798
13.1433549131,-0.0007487094789,-0.752282403145,23.651884518,93.7656600409,23.6511358085,93.0133776377
13.2040421586,-0.000755638920229,-0.755755539501,23.6120445645,93.7829969744,23.6112889256,93.0272414349
13.2650096174,-0.000762632489159,-0.759244706891,23.5722062089,93.8004132597,23.5714435764,93.0411685529
13.3262585832,-0.000769690779041,-0.762749979257,23.5323694658,93.8179092537,23.531599775,93.0551592745
13.3877903558,-0.000776814388724,-0.766271430884,23.4925343499,93.8354853145,23.4917575355,93.0692138836
13.4496062412,-0.000784003922587,-0.769809136396,23.4527008763,93.8531418019,23.4519168723,93.0833326655
13.5117075511,-0.000791259990605,-0.773363170761,23.4128690599,93.8708790772,23.4120777999,93.0975159065
13.5740956034,-0.000798583208393,-0.776933609293,23.373038916,93.8886975033,23.3722403327,93.111763894
13.6367717221,-0.000805974197259,-0.780520527652,23.3332104598,93.9065974443,23.3324044856,93.1260769167
13.6997372373,-0.000813433584259,-0.784124001846,23.293383707,93.9245792663,23.2925702734,93.1404552645
13.7629934852,-0.000820962002244,-0.787744108234,23.2535586731,93.9426433368,23.2527377111,93.1548992285
13.8265418084,-0.000828560089928,-0.791380923525,23.2137353738,93.9607900245,23.2129068137,93.169409101
13.8903835552,-0.000836228491925,-0.795034524781,23.1739138251,93.9790197002,23.1730775966,93.1839851755
13.9545200807,-0.000843967858811,-0.79870498942,23.134094043,93.997332736,23.1332500751,93.1986277465
14.0189527459,-0.000851778847181,-0.802392395215,23.0942760437,94.0157295054,23.0934242649,93.2133371101
14.0836829181,-0.000859662119704,-0.806096820296,23.0544598436,94.0342103837,23.0536001814,93.2281135634
14.1487119711,-0.000867618345175,-0.809818343155,23.014645459,94.0527757478,23.0137778407,93.2429574046
14.2140412849,-0.000875648198577,-0.813557042642,22.9748329068,94.071425976,22.9739572586,93.2578689333
14.2796722459,-0.000883752361133,-0.817312997974,22.9350222036,94.0901614483,22.9341384512,93.2728484503
14.3456062469,-0.000891931520366,-0.821086288728,22.8952133664,94.1089825463,22.8943214349,93.2878962576
14.4118446871,-0.000900186370163,-0.824876994849,22.8554064123,94.1278896532,22.8545062259,93.3030126583
14.4783889722,-0.000908517610821,-0.828685196651,22.8156013585,94.1468831537,22.8146928409,93.318197957
14.5452405145,-0.00091692594912,-0.832510974816,22.7757982225,94.1659634342,22.7748812965,93.3334524594
14.6124007326,-0.000925412098368,-0.836354410396,22.7359970218,94.1851308827,22.7350716097,93.3487764723
14.6798710518,-0.000933976778482,-0.840215584818,22.6961977741,94.2043858889,22.6952637973,93.364170304
14.7476529039,-0.000942620716026,-0.844094579883,22.6564004973,94.2237288438,22.6554578766,93.3796342639
14.8157477274,-0.000951344644286,-0.847991477768,22.6166052095,94.2431601405,22.6156538649,93.3951686627
14.8841569673,-0.000960149303333,-0.851906361027,22.5768119289,94.2626801733,22.5758517795,93.4107738123
14.9528820755,-0.000969035440078,-0.855839312596,22.5370206738,94.2822893384,22.5360516383,93.4264500258
15.0219245104,-0.000978003808345,-0.859790415789,22.4972314627,94.3019880336,22.4962534589,93.4421976178
15.0912857372,-0.000987055168922,-0.863759754306,22.4574443145,94.3217766582,22.4564572593,93.4580169039
15.1609672279,-0.000996190289632,-0.867747412232,22.4176592479,94.3416556134,22.4166630576,93.4739082012
15.2309704612,-0.00100540994541,-0.871753474037,22.3778762821,94.3616253019,22.3768708721,93.4898718279
15.3012969228,-0.00101471491834,-0.875778024579,22.3380954361,94.381686128,22.3370807212,93.5059081035
15.371948105,-0.00102410599775,-0.879821149108,22.2983167295,94.4018384979,22.2972926235,93.5220173488
15.4429255073,-0.00103358398027,-0.883882933266,22.2585401818,94.4220828191,22.2575065978,93.5381998858
15.5142306359,-0.00104314966989,-0.887963463087,22.2187658127,94.4424195012,22.2177226631,93.5544560381
15.585865004,-0.00105280387803,-0.892062825002,22.1789936422,94.4628489552,22.1779408383,93.5707861302
15.6578301318,-0.00106254742362,-0.896181105839,22.1392236903,94.4833715939,22.1381611429,93.587190488
15.7301275465,-0.00107238113317,-0.900318392824,22.0994559774,94.5039878317,22.0983835963,93.6036694389
15.8027587826,-0.00108230584081,-0.904474773586,22.0596905239,94.5246980848,22.0586082181,93.6202233112
15.8757253812,-0.00109232238841,-0.908650336155,22.0199273505,94.5455027711,22.0188350281,93.6368524349
15.9490288908,-0.0011024316256,-0.912845168967,21.980166478,94.5664023101,21.9790640464,93.6535571411
16.0226708672,-0.0011126344099,-0.917059360864,21.9404079274,94.5873971231,21.939295293,93.6703377623
16.0966528732,-0.00112293160671,-0.921293001096,21.90065172,94.6084876331,21.8995287884,93.6871946321
16.1709764786,-0.00113332408947,-0.925546179324,21.8608978771,94.6296742649,21.859764553,93.7041280856
16.2456432609,-0.00114381273969,-0.929818985619,21.8211464204,94.6509574448,21.8200026076,93.7211384592
16.3206548046,-0.00115439844702,-0.934111510469,21.7813973716,94.6723376011,21.7802429732,93.7382260906
16.3960127016,-0.00116508210935,-0.938423844776,21.7416507528,94.6938151635,21.7404856707,93.7553913188
16.4717185511,-0.00117586463285,-0.942756079859,21.7019065862,94.7153905639,21.7007307215,93.7726344841
16.5477739596,-0.00118674693209,-0.947108307459,21.662164894,94.7370642356,21.6609781471,93.7899559281
16.6241805414,-0.00119772993009,-0.951480619736,21.622425699,94.7588366137,21.6212279691,93.8073559939
16.7009399177,-0.0012088145584,-0.955873109274,21.5826890239,94.7807081351,21.5814802093,93.8248350258
16.7780537177,-0.00122000175718,-0.960285869084,21.5429548917,94.8026792385,21.54173489,93.8423933694
16.8555235777,-0.0012312924753,-0.964718992604,21.5032233257,94.8247503643,21.5019920332,93.8600313717
16.9333511419,-0.00124268767038,-0.969172573698,21.4634943491,94.8469219546,21.4622516615,93.8777493809
17.0115380618,-0.00125418830891,-0.973646706666,21.4237679858,94.8691944536,21.4225137975,93.8955477469
17.0900859968,-0.0012657953663,-0.978141486237,21.3840442595,94.8915683068,21.3827784641,93.9134268205
17.1689966137,-0.00127750982699,-0.982657007578,21.3443231942,94.9140439617,21.3430456843,93.9313869542
17.2482715873,-0.00128933268453,-0.987193366291,21.3046048142,94.9366218678,21.3033154815,93.9494285016
17.3279125998,-0.00130126494163,-0.99175065842,21.2648891441,94.9593024761,21.2635878791,93.9675518177
17.4079213413,-0.00131330761029,-0.996328980446,21.2251762084,94.9820862395,21.2238629008,93.9857572591
17.4882995099,-0.00132546171186,-1.0009284293,21.1854660323,95.0049736127,21.1841405706,94.0040451834
17.5690488112,-0.00133772827714,-1.00554910234,21.1457586407,95.0279650521,21.1444209124,94.0224159498
17.6501709589,-0.00135010834643,-1.0101910974,21.1060540591,95.0510610161,21.1047039508,94.0408699187
17.7316676746,-0.00136260296969,-1.01485451274,21.0663523131,95.0742619648,21.0649897102,94.059407452
17.8135406878,-0.00137521320655,-1.01953944709,21.0266534286,95.0975683601,21.0252782153,94.078028913
17.8957917359,-0.00138794012646,-1.0242459996,20.9869574315,95.1209806657,20.9855694913,94.0967346661
17.9784225645,-0.00140078480875,-1.02897426991,20.9472643482,95.1444993474,20.9458635634,94.1155250774
18.0614349272,-0.00141374834271,-1.03372435811,20.9075742052,95.1681248723,20.9061604569,94.1344005142
18.1448305855,-0.00142683182771,-1.03849636474,20.8678870294,95.1918577099,20.8664601975,94.1533613451
18.2286113094,-0.00144003637331,-1.0432903908,20.8282028476,95.2156983311,20.8267628112,94.1724079403
18.3127788768,-0.00145336309928,-1.04810653777,20.7885216872,95.2396472089,20.7870683241,94.1915406711
18.3973350738,-0.00146681313577,-1.05294490757,20.7488435757,95.263704818,20.7473767626,94.2107599105
18.482281695,-0.00148038762337,-1.05780560261,20.7091685409,95.2878716351,20.7076881532,94.2300660325
18.567620543,-0.00149408771322,-1.06268872577,20.6694966106,95.3121481387,20.6680025229,94.2494594129
18.6533534289,-0.00150791456708,-1.06759438039,20.6298278132,95.3365348089,20.6283198986,94.2689404285
18.7394821721,-0.00152186935746,-1.07252267028,20.5901621771,95.3610321281,20.5886403077,94.2885094579
18.8260086003,-0.00153595326772,-1.07747369975,20.5504997311,95.3856405803,20.5489637778,94.3081668806
18.9129345499,-0.00155016749215,-1.08244757356,20.5108405042,95.4103606514,20.5092903367,94.3279130779
19.0002618655,-0.00156451323606,-1.08744439698,20.4711845257,95.4351928292,20.4696200125,94.3477484322
19.0879924004,-0.00157899171592,-1.09246427573,20.4315318251,95.4601376034,20.4299528334,94.3676733276
19.1761280164,-0.00159360415944,-1.09750731605,20.3918824322,95.4851954654,20.3902888281,94.3876881494
19.2646705838,-0.00160835180568,-1.10257362464,20.3522363771,95.5103669088,20.3506280253,94.4077932842
19.3536219818,-0.00162323590515,-1.10766330869,20.31259369,95.5356524289,20.3109704541,94.4279891202
19.442984098,-0.00163825771991,-1.11277647591,20.2729544015,95.5610525228,20.2713161438,94.4482760469
19.5327588289,-0.00165341852368,-1.11791323447,20.2333185427,95.5865676896,20.2316651241,94.4686544551
19.6229480796,-0.00166871960198,-1.12307369306,20.1936861444,95.6121984304,20.1920174248,94.4891247374
19.713553764,-0.00168416225217,-1.12825796086,20.1540572383,95.6379452481,20.1523730761,94.5096872872
19.8045778051,-0.00169974778364,-1.13346614754,20.114431856,95.6638086474,20.1127321082,94.5303424999
19.8960221345,-0.00171547751786,-1.13869836329,20.0748100294,95.6897891351,20.0730945519,94.5510907718
19.9878886928,-0.0017313527885,-1.1439547188,20.0351917909,95.7158872197,20.0334604381,94.5719325009
20.0801794296,-0.00174737494158,-1.14923532525,19.995577173,95.7421034118,19.9938297981,94.5928680866
20.1728963034,-0.00176354533555,-1.15454029437,19.9559662085,95.7684382239,19.9542026632,94.6138979295
20.2660412819,-0.00177986534141,-1.15986973835,19.9163589306,95.7948921703,19.9145790653,94.6350224319
20.3596163418,-0.00179633634282,-1.16522376994,19.8767553727,95.8214657672,19.8749590363,94.6562419973
20.4536234689,-0.00181295973625,-1.17060250239,19.8371555685,95.848159533,19.8353426087,94.6775570306
20.5480646582,-0.00182973693106,-1.17600604945,19.797559552,95.8749739877,19.7957298151,94.6989679383
20.6429419139,-0.00184666934962,-1.18143452542,19.7579673576,95.9019096534,19.7561206882,94.720475128
20.7382572495,-0.00186375842747,-1.18688804512,19.7183790199,95.9289670541,19.7165152615,94.742079009
20.8340126878,-0.0018810056134,-1.19236672387,19.6787945738,95.9561467158,19.6769135682,94.7637799919
20.9302102608,-0.00189841236959,-1.19787067754,19.6392140546,95.9834491662,19.6373156422,94.7855784886
21.0268520099,-0.00191598017173,-1.20340002254,19.5996374978,96.0108749352,19.5977215176,94.8074749127
21.1239399863,-0.00193371050914,-1.20895487579,19.5600649393,96.0384245546,19.5581312288,94.8294696788
21.2214762501,-0.0019516048849,-1.21453535476,19.5204964153,96.0660985581,19.5185448105,94.8515632033
21.3194628714,-0.00196966481598,-1.22014157745,19.4809319624,96.0938974812,19.4789622976,94.8737559038
21.4179019294,-0.00198789183339,-1.22577366241,19.4413716172,96.1218218616,19.4393837254,94.8960481992
21.5167955134,-0.00200628748224,-1.23143172872,19.4018154171,96.1498722389,19.3998091296,94.9184405102
21.616145722,-0.00202485332196,-1.23711589603,19.3622633994,96.1780491545,19.3602385461,94.9409332584
21.7159546636,-0.00204359092634,-1.2428262845,19.322715602,96.2063531518,19.3206720111,94.9635268673
21.8162244563,-0.00206250188375,-1.24856301487,19.283172063,96.2347847763,19.2811095612,94.9862217614
21.9169572281,-0.00208158779722,-1.25432620842,19.243632821,96.2633445753,19.2415512332,95.0090183669
22.0181551165,-0.00210085028459,-1.260115987,19.2040979148,96.2920330982,19.2019970645,95.0319171112
22.1198202693,-0.00212029097863,-1.26593247299,19.1645673834,96.3208508962,19.1624470924,95.0549184232
22.221954844,-0.00213991152723,-1.27177578936,19.1250412665,96.3497985226,19.122901355,95.0780227333
22.324561008,-0.00215971359347,-1.27764605962,19.0855196039,96.3788765326,19.0833598903,95.101230473
22.4276409388,-0.0021796988558,-1.28354340786,19.0460024358,96.4080854833,19.0438227369,95.1245420754
22.531196824,-0.00219986900818,-1.28946795873,19.0064898028,96.4374259339,19.0042899337,95.1479579751
22.6352308612,-0.00222022576022,-1.29541983745,18.9669817457,96.4668984454,18.9647615199,95.171478608
22.7397452582,-0.00224077083733,-1.30139916982,18.9274783059,96.4965035811,18.9252375351,95.1951044112
22.8447422329,-0.00226150598082,-1.30740608221,18.8879795251,96.5262419058,18.8857180191,95.2188358236
22.9502240136,-0.00228243294813,-1.31344070157,18.8484854451,96.5561139866,18.8462030122,95.242673285
23.0561928389,-0.0023035535129,-1.31950315543,18.8089961085,96.5861203925,18.806692555,95.2666172371
23.1626509574,-0.00232486946517,-1.32559357191,18.7695115579,96.6162616944,18.7671866885,95.2906681225
23.2696006286,-0.00234638261152,-1.33171207969,18.7300318365,96.6465384653,18.7276854539,95.3148263856
23.377044122,-0.00236809477518,-1.33785880807,18.6905569878,96.67695128,18.688188893,95.339092472
23.4849837178,-0.00239000779626,-1.34403388693,18.6510870556,96.7075007154,18.6486970478,95.3634668285
23.5934217066,-0.00241212353185,-1.35023744674,18.6116220843,96.7381873504,18.6092099607,95.3879499036
23.7023603897,-0.00243444385618,-1.35646961857,18.5721621184,96.7690117657,18.5697276745,95.4125421471
23.811802079,-0.0024569706608,-1.36273053408,18.532707203,96.7999745441,18.5302502324,95.43724401
23.921749097,-0.00247970585472,-1.36902032554,18.4932573836,96.8310762703,18.4907776778,95.4620559448
24.032203777,-0.0025026513646,-1.37533912584,18.453812706,96.8623175311,18.4513100547,95.4869784053
24.143168463,-0.00252580913487,-1.38168706845,18.4143732164,96.8936989152,18.4118474073,95.5120118468
24.2546455099,-0.00254918112792,-1.38806428746,18.3749389615,96.9252210132,18.3723897804,95.5371567257
24.3666372835,-0.00257276932428,-1.39447091757,18.3355099883,96.9568844177,18.332937219,95.5624135002
24.4791461604,-0.00259657572275,-1.40090709412,18.2960863442,96.9886897234,18.2934897685,95.5877826293
24.5921745282,-0.00262060234058,-1.40737295302,18.2566680772,97.0206375267,18.2540474749,95.6132645737
24.7057247856,-0.00264485121367,-1.41386863084,18.2172552355,97.0527284263,18.2146103842,95.6388597955
24.8197993424,-0.0026693243967,-1.42039426477,18.1778478677,97.0849630226,18.1751785433,95.6645687578
24.9344006193,-0.00269402396333,-1.42694999261,18.1384460231,97.117341918,18.1357519992,95.6903919254
25.0495310486,-0.00271895200637,-1.4335359528,18.0990497512,97.149865717,18.0963307992,95.7163297642
25.1651930733,-0.00274411063794,-1.4401522844,18.059659102,97.1825350259,18.0569149914,95.7423827415
25.2813891481,-0.00276950198966,-1.44679912713,18.0202741258,97.2153504531,18.0175046239,95.7685513259
25.3981217389,-0.00279512821286,-1.45347662132,17.9808948736,97.2483126088,17.9780997454,95.7948359875
25.5153933229,-0.00282099147869,-1.46018490796,17.9415213966,97.2814221053,17.9387004052,95.8212371974
25.6332063889,-0.00284709397838,-1.46692412868,17.9021537466,97.3146795568,17.8993066527,95.8477554281
25.751563437,-0.00287343792336,-1.47369442574,17.8627919758,97.3480855794,17.8599185379,95.8743911537
25.870466979,-0.00290002554549,-1.48049594206,17.8234361367,97.3816407912,17.8205361112,95.9011448492
25.9899195383,-0.00292685909723,-1.48732882123,17.7840862825,97.4153458123,17.7811594234,95.9280169911
26.1099236497,-0.00295394085184,-1.49419320747,17.7447424668,97.4492012645,17.7417885259,95.955008057
26.2304818602,-0.00298127310355,-1.50108924566,17.7054047435,97.4832077718,17.7024234704,95.9821185262
26.351596728,-0.00300885816778,-1.50801708136,17.6660731672,97.5173659601,17.663064309,96.0093488788
26.4732708235,-0.00303669838132,-1.51497686076,17.6267477927,97.5516764571,17.6237110943,96.0366995964
26.5955067288,-0.00306479610253,-1.52196873076,17.5874286755,97.5861398925,17.5843638794,96.0641711618
26.7183070379,-0.00309315371152,-1.5289928389,17.5481158715,97.6207568979,17.5450227178,96.091764059
26.841674357,-0.00312177361039,-1.53604933339,17.5088094371,97.6555281069,17.5056876635,96.1194787736
26.9656113041,-0.00315065822341,-1.54313836313,17.4695094291,97.690454155,17.4663587709,96.1473157918
27.0901205093,-0.00317980999721,-1.5502600777,17.4302159049,97.7255356794,17.4270360949,96.1752756017
27.215204615,-0.003209231401,-1.55741462736,17.3909289224,97.7607733195,17.387719691,96.2033586922
27.3408662756,-0.00323892492679,-1.56460216303,17.3516485398,97.7961677165,17.3484096149,96.2315655534
27.467108158,-0.00326889308958,-1.57182283635,17.3123748161,97.8317195133,17.309105923,96.259896677
27.5939329411,-0.00329913842759,-1.57907679963,17.2731078105,97.8674293551,17.2698086721,96.2883525555
27.7213433165,-0.00332966350244,-1.58636420589,17.233847583,97.9032978886,17.2305179195,96.3169336827
27.849341988,-0.00336047089941,-1.59368520884,17.1945941938,97.9393257626,17.1912337229,96.3456405537
27.9779316721,-0.00339156322763,-1.60103996288,17.1553477039,97.9755136276,17.1519561407,96.3744736647
28.1071150974,-0.00342294312029,-1.60842862313,17.1161081747,98.0118621363,17.1126852316,96.4034335131
28.2368950057,-0.0034546132349,-1.61585134541,17.076875668,98.0483719428,17.0734210548,96.4325205974
28.367274151,-0.00348657625346,-1.62330828623,17.0376502464,98.0850437035,17.0341636702,96.4617354172
28.4982553003,-0.00351883488276,-1.63079960284,16.9984319729,98.1218780763,16.994913138,96.4910784734
28.6298412331,-0.00355139185452,-1.6383254532,16.9592209109,98.1588757212,16.955669519,96.520550268
28.762034742,-0.00358424992568,-1.64588599597,16.9200171244,98.1960372999,16.9164328745,96.5501513039
28.8948386323,-0.00361741187861,-1.65348139055,16.8808206783,98.233363476,16.8772032664,96.5798820854
29.0282557224,-0.00365088052136,-1.66111179707,16.8416316374,98.2708549149,16.8379807569,96.6097431178
29.1622888436,-0.00368465868788,-1.66877737637,16.8024500677,98.3085122837,16.798765409,96.6397349073
29.2969408404,-0.00371874923824,-1.67647829002,16.7632760353,98.3463362516,16.7595572861,96.6698579615
29.4322145703,-0.00375315505893,-1.68421470035,16.7241096071,98.3843274892,16.720356452,96.7001127889
29.568112904,-0.00378787906303,-1.6919867704,16.6849508504,98.4224866693,16.6811629714,96.7304998989
29.7046387255,-0.00382292419052,-1.69979466398,16.6457998333,98.4608144663,16.6419769091,96.7610198023
29.8417949323,-0.00385829340847,-1.7076385456,16.6066566242,98.4993115562,16.6027983308,96.7916730106
29.9795844349,-0.00389398971134,-1.71551858057,16.5675212923,98.5379786171,16.5636273026,96.8224600365
30.1180101575,-0.00393001612119,-1.72343493492,16.5283939073,98.5768163286,16.5244638911,96.8533813937
30.2570750378,-0.00396637568796,-1.73138777543,16.4892745394,98.6158253721,16.4853081637,96.8844375967
30.3967820269,-0.00400307148971,-1.73937726966,16.4501632595,98.655006431,16.446160188,96.9156291613
30.5371340897,-0.0040401066329,-1.74740358591,16.4110601392,98.69436019,16.4070200325,96.946956604
30.6781342047,-0.00407748425262,-1.75546689325,16.3719652504,98.7338873357,16.3678877661,96.9784204425
30.8197853642,-0.00411520751289,-1.76356736153,16.3328786659,98.7735885566,16.3287634584,97.0100211951
30.9620905742,-0.00415327960688,-1.77170516135,16.2938004589,98.8134645427,16.2896471793,97.0417593813
31.1050528548,-0.00419170375723,-1.77988046411,16.2547307033,98.8535159856,16.2505389996,97.0736355215
31.2486752398,-0.00423048321627,-1.78809344196,16.2156694738,98.8937435788,16.2114389905,97.1056501369
31.3929607772,-0.00426962126634,-1.79634426785,16.1766168453,98.9341480174,16.172347224,97.1378037495
31.537912529,-0.00430912122002,-1.80463311551,16.1375728937,98.9747299979,16.1332637725,97.1700968824
31.6835335712,-0.00434898642044,-1.81296015945,16.0985376954,99.0154902189,16.094188709,97.2025300594
31.8298269943,-0.00438922024156,-1.82132557498,16.0595113274,99.0564293802,16.0551221072,97.2351038052
31.9767959028,-0.00442982608843,-1.82972953821,16.0204938675,99.0975481834,16.0160640414,97.2678186452
32.1244434158,-0.00447080739749,-1.83817222602,15.9814853938,99.1388473318,15.9770145864,97.3006751057
32.2727726664,-0.00451216763686,-1.84665381613,15.9424859855,99.18032753,15.9379738179,97.3336737139
32.4217868026,-0.00455391030664,-1.85517448705,15.9034957222,99.2219894846,15.8989418119,97.3668149975
32.5714889866,-0.00459603893918,-1.86373441808,15.8645146841,99.2638339033,15.8599186451,97.4000994852
32.7218823955,-0.00463855709937,-1.87233378937,15.8255429522,99.3058614956,15.8209043951,97.4335277063
32.8729702208,-0.00468146838499,-1.88097278184,15.7865806082,99.3480729726,15.7818991398,97.4671001908
33.0247556689,-0.00472477642697,-1.88965157727,15.7476277343,99.3904690467,15.7429029579,97.5008174695
33.177241961,-0.00476848488967,-1.89837035824,15.7086844136,99.433050432,15.7039159287,97.5346800738
33.330432333,-0.00481259747127,-1.90712930817,15.6697507297,99.4758178439,15.6649381323,97.5686885358
33.484330036,-0.00485711790398,-1.91592861129,15.630826767,99.5187719995,15.6259696491,97.6028433882
33.6389383359,-0.00490204995444,-1.92476845269,15.5919126106,99.561913617,15.5870105607,97.6371451644
33.7942605138,-0.00494739742398,-1.93364901827,15.5530083462,99.6052434165,15.5480609487,97.6715943983
33.9502998659,-0.00499316414896,-1.9425704948,15.5141140602,99.6487621192,15.5091208961,97.7061916244
34.1070597037,-0.00503935400108,-1.95153306987,15.4752298399,99.6924704478,15.4701904859,97.7409373779
34.2645433538,-0.00508597088771,-1.96053693193,15.4363557731,99.7363691263,15.4312698022,97.7758321944
34.4227541584,-0.00513301875222,-1.96958227028,15.3974919484,99.7804588803,15.3923589297,97.81087661
34.5816954749,-0.00518050157433,-1.97866927506,15.3586384552,99.8247404364,15.3534579536,97.8460711613
34.7413706764,-0.00522842337038,-1.98779813731,15.3197953835,99.8692145229,15.3145669602,97.8814163856
34.9017831515,-0.00527678819375,-1.99696904888,15.2809628242,99.9138818691,15.275686036,97.9169128202
35.0629363043,-0.00532560013511,-2.00618220254,15.2421408686,99.9587432059,15.2368152685,97.9525610033
35.224833555,-0.00537486332286,-2.01543779188,15.2033296093,100.003799265,15.1979547459,97.9883614733
35.3874783391,-0.00542458192338,-2.0247360114,15.164529139,100.04905078,15.1591045571,98.0243147689
35.5508741084,-0.00547476014146,-2.03407705646,15.1257395517,100.094498486,15.1202647916,98.0604214292
35.7150243303,-0.00552540222057,-2.04346112332,15.0869609419,100.140143117,15.0814355397,98.0966819937
35.8799324884,-0.0055765124433,-2.0528884091,15.0481934049,100.185985411,15.0426168925,98.1330970023
36.0456020825,-0.00562809513164,-2.06235911182,15.0094370368,100.232026107,15.0038089417,98.1696669949
36.2120366282,-0.00568015464743,-2.0718734304,14.9706919344,100.278265942,14.9650117798,98.2063925119
36.3792396576,-0.00573269539261,-2.08143156466,14.9319581954,100.324705658,14.9262255,98.2432740938
36.547214719,-0.00578572180969,-2.09103371529,14.8932359182,100.371345997,14.8874501964,98.2803122814
36.7159653773,-0.00583923838209,-2.10068008393,14.8545252019,100.418187699,14.8486859635,98.3175076155
36.8854952135,-0.00589324963446,-2.1103708731,14.8158261467,100.46523151,14.8099328971,98.3548606373
37.0558078254,-0.00594776013315,-2.12010628624,14.7771388533,100.512478174,14.7711910932,98.392371888
37.2269068273,-0.00600277448653,-2.12988652769,14.7384634234,100.559928436,14.7324606489,98.4300419088
37.3987958503,-0.00605829734538,-2.13971180273,14.6997999594,100.607583044,14.693741662,98.467871241
37.5714785422,-0.00611433340329,-2.14958231757,14.6611485644,100.655442744,14.655034231,98.5058604261
37.7449585675,-0.00617088739708,-2.15949827933,14.6225093427,100.703508285,14.6163384553,98.5440100055
37.9192396079,-0.00622796410712,-2.16945989606,14.5838823991,100.751780417,14.577654435,98.5823205205
38.0943253618,-0.00628556835781,-2.17946737676,14.5452678394,100.800259889,14.538982271,98.6207925124
38.270219545,-0.00634370501793,-2.18952093137,14.5066657701,100.848947454,14.500322065,98.6594265224
38.4469258902,-0.00640237900107,-2.19962077076,14.4680762986,100.897843862,14.4616739196,98.6982230917
38.6244481474,-0.00646159526603,-2.20976710676,14.4294995332,100.946949868,14.423037938,98.7371827611
38.8027900839,-0.00652135881723,-2.21996015214,14.3909355831,100.996266224,14.3844142243,98.7763060715
38.9819554846,-0.00658167470516,-2.23020012065,14.3523845582,101.045793684,14.3458028835,98.8155935634
39.1619481516,-0.00664254802674,-2.24048722696,14.3138465694,101.095533004,14.3072040214,98.8550457771
39.3427719046,-0.00670398392581,-2.25082168675,14.2753217284,101.145484939,14.2686177445,98.8946632526
39.5244305811,-0.0067659875935,-2.26120371664,14.2368101478,101.195650246,14.2300441602,98.9344465295
39.7069280362,-0.00682856426871,-2.27163353421,14.1983119411,101.246029682,14.1914833768,98.9743961474
39.8902681428,-0.00689171923854,-2.28211135806,14.1598272227,101.296624003,14.1529355035,99.014512645
40.0744547917,-0.00695545783868,-2.29263740774,14.1213561078,101.347433969,14.11440065,99.054796561
40.2594918917,-0.00701978545393,-2.30321190377,14.0828987126,101.398460337,14.0758789272,99.0952484334
40.4453833696,-0.00708470751858,-2.3138350677,14.0444551542,101.449703867,14.0373704467,99.1358687997
40.6321331704,-0.00715022951692,-2.32450712204,14.0060255506,101.501165319,13.9988753211,99.1766581971
40.8197452571,-0.00721635698365,-2.3352282903,13.9676100206,101.552845452,13.9603936636,99.217617162
41.0082236113,-0.00728309550437,-2.34599879702,13.9292086841,101.604745027,13.9219255886,99.2587462301
41.1975722329,-0.00735045071604,-2.35681886771,13.8908216618,101.656864805,13.8834712111,99.3000459369
41.38779514,-0.00741842830743,-2.36768872891,13.8524490754,101.709205545,13.8450306471,99.3415168166
41.5788963697,-0.00748703401961,-2.37860860816,13.8140910475,101.761768011,13.8066040135,99.3831594031
41.7708799773,-0.00755627364644,-2.38957873403,13.7757477017,101.814552964,13.768191428,99.4249742295
41.9637500372,-0.00762615303501,-2.40059933612,13.7374191624,101.867561164,13.7297930094,99.4669618279
42.1575106424,-0.00769667808618,-2.41167064503,13.6991055552,101.920793375,13.6914088771,99.5091227295
42.3521659048,-0.00776785475502,-2.4227928924,13.6608070064,101.974250357,13.6530391516,99.551457465
42.5477199553,-0.00783968905134,-2.43396631093,13.6225236434,102.027932875,13.6146839544,99.5939665637
42.744176944,-0.00791218704018,-2.44519113433,13.5842555946,102.081841689,13.5763434076,99.6366505543
42.9415410401,-0.0079853548423,-2.45646759736,13.5460029894,102.135977561,13.5380176345,99.679509964
43.1398164318,-0.0080591986347,-2.46779593585,13.5077659579,102.190341255,13.4997067593,99.7225453194
43.3390073271,-0.00813372465114,-2.47917638664,13.4695446316,102.244933532,13.461410907,99.7657571458
43.539117953,-0.00820893918264,-2.49060918767,13.4313391427,102.299755155,13.4231302035,99.8091459672
43.7401525564,-0.00828484857803,-2.50209457791,13.3931496245,102.354806885,13.3848647759,99.8527123066
43.9421154034,-0.00836145924443,-2.51363279742,13.3549762113,102.410089483,13.3466147521,99.8964566857
44.1450107801,-0.00843877764783,-2.5252240873,13.3168190384,102.465603712,13.3083802608,99.9403796247
44.3488429924,-0.00851681031359,-2.53686868977,13.2786782421,102.521350332,13.2701614318,99.9844816426
44.5536163658,-0.00859556382703,-2.54856684808,13.2405539598,102.577330105,13.231958396,100.028763257
44.759335246,-0.0086750448339,-2.56031880658,13.2024463298,102.633543791,13.1937712849,100.073224984
44.9660039989,-0.008755260041,-2.57212481074,13.1643554914,102.689992149,13.1556002314,100.117867339
45.1736270101,-0.00883621621671,-2.58398510706,13.1262815852,102.746675941,13.117445369,100.162690833
45.382208686,-0.00891792019154,-2.5958999432,13.0882247526,102.803595923,13.0793068324,100.20769598
45.5917534528,-0.00900037885871,-2.60786956787,13.050185136,102.860752856,13.0411847572,100.252883288
45.8022657577,-0.00908359917471,-2.61989423092,13.0121628792,102.918147497,13.00307928,100.298253266
46.0137500679,-0.00916758815991,-2.63197418329,12.9741581266,102.975780603,12.9649905385,100.34380642
46.2262108716,-0.00925235289907,-2.64410967705,12.936171024,103.033652931,12.9269186711,100.389543254
46.4396526776,-0.00933790054202,-2.65630096538,12.8982017182,103.091765237,12.8888638177,100.435464272
46.6540800154,-0.00942423830416,-2.66854830258,12.8602503569,103.150118276,12.8508261186,100.481569973
46.8694974357,-0.00951137346713,-2.68085194409,12.8223170891,103.208712801,12.8128057156,100.527860857
47.0859095099,-0.00959931337935,-2.69321214647,12.7844020647,103.267549566,12.7748027513,100.57433742
47.3033208307,-0.00968806545669,-2.70562916742,12.7465054348,103.326629324,12.7368173694,100.621000156
47.5217360119,-0.00977763718302,-2.71810326579,12.7086273517,103.385952825,12.6988497145,100.667849559
47.7411596888,-0.0098680361109,-2.73063470158,12.6707679685,103.44552082,12.6608999324,100.714886118
47.9615965178,-0.00995926986212,-2.74322373593,12.6329274397,103.505334057,12.6229681698,100.762110321
48.1830511771,-0.0100513461284,-2.75587063113,12.5951059207,103.565393286,12.5850545746,100.809522654
48.4055283662,-0.010144272672,-2.76857565065,12.5573035681,103.625699251,12.5471592955,100.8571236
48.6290328067,-0.0102380573263,-2.78133905911,12.5195205397,103.686252699,12.5092824824,100.90491364
48.8535692415,-0.0103327079967,-2.79416112231,12.4817569943,103.747054373,12.4714242863,100.952893251
49.0791424358,-0.0104282326608,-2.80704210721,12.4440130918,103.808105017,12.4335848591,101.00106291
49.3057571766,-0.0105246393694,-2.81998228197,12.4062889934,103.86940537,12.395764354,101.049423088
49.5334182732,-0.0106219362474,-2.83298191592,12.3685848613,103.930956174,12.357962925,101.097974258
49.7621305568,-0.0107201314938,-2.84604127958,12.3309008589,103.992758164,12.3201807274,101.146716885
49.9918988812,-0.0108192333828,-2.85916064466,12.2932371508,104.054812079,12.2824179174,101.195651434
50.2227281224,-0.0109192502647,-2.87234028409,12.2555939025,104.117118652,12.2446746523,101.244778368
50.4546231791,-0.011020190566,-2.88558047197,12.2179712811,104.179678617,12.2069510906,101.294098145
50.6875889725,-0.0111220627906,-2.89888148362,12.1803694545,104.242492704,12.1692473917,101.34361122
50.9216304465,-0.0112248755202,-2.9122435956,12.1427885918,104.305561642,12.1315637163,101.393318046
51.1567525679,-0.0113286374151,-2.92566708564,12.1052288635,104.368886158,12.0939002261,101.443219072
51.3929603265,-0.0114333572151,-2.93915223273,12.0676904411,104.432466978,12.0562570839,101.493314745
51.6302587349,-0.0115390437399,-2.95269931706,12.0301734972,104.496304824,12.0186344535,101.543605507
51.868652829,-0.0116457058901,-2.96630862008,11.9926782058,104.560400417,11.9810324999,101.594091797
52.1081476681,-0.0117533526475,-2.97998042445,11.955204742,104.624754475,11.9434513893,101.644774051
52.3487483345,-0.0118619930764,-2.99371501408,11.917753282,104.689367716,11.9058912889,101.695652702
52.5904599344,-0.0119716363242,-3.00751267414,11.8803240033,104.754240852,11.868352367,101.746728178
52.8332875971,-0.0120822916217,-3.02137369103,11.8429170847,104.819374595,11.830834793,101.798000904
53.0772364761,-0.0121939682844,-3.03529835241,11.8055327059,104.884769654,11.7933387376,101.849471302
53.3223117482,-0.0123066757131,-3.04928694723,11.7681710482,104.950426735,11.7558643725,101.901139788
53.5685186145,-0.0124204233946,-3.06333976565,11.7308322938,105.016346542,11.7184118704,101.953006776
53.8158622998,-0.0125352209023,-3.07745709916,11.6935166263,105.082529775,11.6809814054,102.005072676
54.0643480533,-0.0126510778974,-3.09163924049,11.6562242304,105.148977133,11.6435731525,102.057337893
54.3139811482,-0.0127680041296,-3.10588648365,11.6189552921,105.215689311,11.606187288,102.109802827
54.5647668823,-0.0128860094375,-3.12019912395,11.5817099987,105.282667001,11.5688239893,102.162467877
54.8167105775,-0.0130051037498,-3.13457745798,11.5444885386,105.349910892,11.5314834348,102.215333434
55.0698175807,-0.0131252970861,-3.14902178365,11.5072911014,105.41742167,11.4941658043,102.268399886
55.3240932632,-0.0132465995576,-3.16353240012,11.4701178782,105.485200018,11.4568712787,102.321667618
55.5795430212,-0.0133690213679,-3.1781096079,11.4329690611,105.553246616,11.4196000398,102.375137008
55.8361722758,-0.0134925728138,-3.1927537088,11.3958448436,105.62156214,11.3823522707,102.428808431
56.093986473,-0.0136172642863,-3.20746500594,11.3587454202,105.690147262,11.3451281559,102.482682256
56.3529910843,-0.0137431062716,-3.22224380375,11.321670987,105.759002653,11.3079278808,102.536758849
56.6131916061,-0.0138701093513,-3.237090408,11.2846217412,105.828128977,11.2707516318,102.591038569
56.8745935603,-0.0139982842041,-3.2520051258,11.2475978812,105.897526897,11.233599597,102.645521771
57.1372024944,-0.0141276416061,-3.26698826556,11.2105996067,105.96719707,11.1964719651,102.700208805
57.4010239813,-0.0142581924317,-3.28204013706,11.1736271187,106.037140152,11.1593689263,102.755100015
57.6660636199,-0.014389947655,-3.29716105143,11.1366806195,106.107356793,11.1222906719,102.810195742
57.9323270347,-0.0145229183501,-3.31235132112,11.0997603127,106.177847639,11.0852373943,102.865496318
58.1998198764,-0.0146571156921,-3.32761125995,11.0628664029,106.248613333,11.0482092872,102.921002073
58.4685478216,-0.0147925509585,-3.34294118312,11.0259990964,106.319654512,11.0112065454,102.976713329
58.7385165732,-0.0149292355296,-3.35834140717,10.9891586004,106.390971811,10.9742293649,103.032630404
59.0097318604,-0.0150671808894,-3.37381225002,10.9523451237,106.462565859,10.9372779428,103.088753609
59.2821994388,-0.0152063986271,-3.38935403097,10.9155588762,106.534437281,10.9003524775,103.14508325
59.5559250908,-0.0153469004374,-3.40496707068,10.878800069,106.606586698,10.8634531685,103.201619627
59.8309146253,-0.0154886981217,-3.42065169123,10.8420689147,106.679014726,10.8265802166,103.258363034
60.107173878,-0.0156318035894,-3.43640821606,10.8053656271,106.751721975,10.7897338235,103.315313759
60.3847087116,-0.0157762288582,-3.45223697002,10.7686904213,106.824709052,10.7529141924,103.372472082
60.663525016,-0.0159219860556,-3.46813827936,10.7320435137,106.897976559,10.7161215276,103.429838279
60.9436287081,-0.0160690874197,-3.48411247174,10.6954251219,106.971525091,10.6793560345,103.48741262
61.2250257321,-0.0162175453002,-3.50015987622,10.658835465,107.045355241,10.6426179197,103.545195365
61.50772206,-0.0163673721593,-3.51628082329,10.6222747632,107.119467593,10.6059073911,103.60318677
61.7917236908,-0.016518580573,-3.53247564485,10.5857432381,107.19386273,10.5692246576,103.661387085
62.0770366518,-0.0166711832319,-3.54874467424,10.5492411126,107.268541226,10.5325699294,103.719796552
62.3636669977,-0.0168251929421,-3.56508824621,10.5127686109,107.343503651,10.495943418,103.778415405
62.6516208114,-0.0169806226267,-3.58150669698,10.4763259584,107.418750569,10.4593453358,103.837243872
62.9409042036,-0.0171374853262,-3.59800036417,10.439913382,107.49428254,10.4227758967,103.896282176
63.2315233136,-0.0172957942002,-3.61456958689,10.4035311097,107.570100115,10.3862353155,103.955530528
63.5234843088,-0.0174555625281,-3.63121470567,10.3671793709,107.646203842,10.3497238084,104.014989136
63.8167933851,-0.0176168037101,-3.64793606252,10.3308583963,107.722594262,10.3132415926,104.074658199
64.1114567671,-0.0177795312685,-3.6647340009,10.294568418,107.799271909,10.2767888867,104.134537908
64.407480708,-0.017943758849,-3.68160886573,10.2583096691,107.876237312,10.2403659103,104.194628446
64.70487149,-0.0181095002211,-3.69856100343,10.2220823845,107.953490993,10.2039728842,104.254929989
65.0036354243,-0.0182767692799,-3.71559076187,10.1858867998,108.031033468,10.1676100305,104.315442706
65.3037788511,-0.0184455800468,-3.73269849042,10.1497231524,108.108865247,10.1312775724,104.376166757
65.60530814,-0.0186159466709,-3.74988453994,10.1135916808,108.186986832,10.0949757342,104.437102292
65.90822969,-0.01878788343,-3.76714926278,10.0774926249,108.265398719,10.0587047414,104.498249457
66.2125499298,-0.0189614047319,-3.78449301277,10.0414262256,108.344101398,10.0224648208,104.559608385
66.5182753173,-0.0191365251151,-3.80191614528,10.0053927254,108.42309535,9.9862562003,104.621179205
66.8254123408,-0.0193132592507,-3.81941901715,9.96939236811,108.502381051,9.95007910886,104.682962034
67.1339675182,-0.0194916219429,-3.83700198678,9.93342539865,108.581958969,9.91393377671,104.744956982
67.4439473975,-0.0196716281306,-3.85466541404,9.89749206335,108.661829564,9.87782043522,104.80716415
67.7553585572,-0.0198532928885,-3.87240966037,9.86159260981,108.74199329,9.84173931692,104.869583629
68.0682076058,-0.0200366314284,-3.89023508871,9.8257272869,108.822450592,9.80569065548,104.932215503
68.3825011827,-0.0202216590999,-3.90814206354,9.78989634481,108.903201909,9.76967468571,104.995059846
68.6982459576,-0.0204083913926,-3.92613095089,9.75410003499,108.984247671,9.7336916436,105.05811672
69.0154486314,-0.0205968439363,-3.94420211833,9.71833861018,109.065588301,9.69774176625,105.121386183
69.3341159354,-0.020787032503,-3.96235593497,9.68261232441,109.147224214,9.66182529191,105.184868279
69.6542546325,-0.020978973008,-3.9805927715,9.64692143297,109.229155815,9.62594245996,105.248563044
69.9758715166,-0.0211726815107,-3.99891300016,9.61126619244,109.311383504,9.59009351093,105.312470504
70.2989734128,-0.0213681742167,-4.01731699474,9.57564686066,109.393907671,9.55427868644,105.376590676
70.6235671782,-0.0215654674782,-4.03580513062,9.54006369673,109.476728697,9.51849822925,105.440923567
70.9496597009,-0.0217645777963,-4.05437778474,9.50451696104,109.559846956,9.48275238324,105.505469171
71.2772579015,-0.0219655218213,-4.07303533565,9.4690069152,109.643262812,9.44704139338,105.570227476
71.606368732,-0.0221683163548,-4.09177816347,9.43353382212,109.72697662,9.41136550577,105.635198457
71.9369991768,-0.0223729783506,-4.11060664989,9.39809794592,109.810988728,9.37572496757,105.700382079
72.2691562524,-0.0225795249163,-4.12952117823,9.36269955199,109.895299474,9.34012002707,105.765778296
72.6028470078,-0.0227879733146,-4.1485221334,9.32733890695,109.979909186,9.30455093363,105.831387053
72.9380785245,-0.0229983409645,-4.16760990191,9.29201627865,110.064818184,9.26901793769,105.897208282
73.2748579168,-0.0232106454429,-4.18678487189,9.25673193619,110.150026778,9.23352129075,105.963241906
73.6131923316,-0.023424904486,-4.20604743309,9.22148614988,110.235535268,9.19806124539,106.029487835
73.9530889491,-0.0236411359907,-4.22539797688,9.18627919125,110.321343946,9.16263805526,106.095945969
74.2945549824,-0.0238593580156,-4.24483689624,9.15111133305,110.407453092,9.12725197504,106.162616196
74.6375976781,-0.0240795887832,-4.26436458582,9.11598284923,110.493862979,9.09190326045,106.229498393
74.9822243162,-0.0243018466808,-4.28398144186,9.08089401495,110.580573868,9.05659216827,106.296592426
75.3284422101,-0.0245261502621,-4.30368786229,9.04584510654,110.667586009,9.02131895628,106.363898147
75.6762587073,-0.0247525182485,-4.32348424665,9.01083640155,110.754899645,8.9860838833,106.431415399
76.0256811891,-0.0249809695311,-4.34337099616,8.97586817869,110.842515006,8.95088720916,106.49914401
76.3767170709,-0.0252115231715,-4.36334851368,8.94094071784,110.930432312,8.91572919467,106.567083798
76.7293738022,-0.025444198404,-4.38341720373,8.90605430005,111.018651773,8.88061010165,106.635234569
77.083658867,-0.0256790146365,-4.40357747252,8.87120920754,111.107173588,8.8455301929,106.703596116
77.4395797839,-0.0259159914523,-4.42382972791,8.83640572365,111.195997945,8.8104897322,106.772168217
77.7971441062,-0.026155148612,-4.44417437945,8.80164413288,111.285125022,8.77548898427,106.840950642
78.156359422,-0.0263965060543,-4.46461183836,8.76692472087,111.374554984,8.74052821481,106.909943145
78.5172333545,-0.0266400838982,-4.48514251757,8.73224777435,111.464287986,8.70560769045,106.979145468
78.8797735621,-0.0268859024444,-4.50576683167,8.69761358119,111.554324172,8.67072767875,107.04855734
79.2439877386,-0.0271339821768,-4.52648519698,8.66302243037,111.644663673,8.63588844819,107.118178476
79.6098836132,-0.0273843437642,-4.5472980315,8.62847461193,111.735306611,8.60109026816,107.18800858
79.9774689508,-0.0276370080619,-4.56820575495,8.59397041703,111.826253094,8.56633340896,107.258047339
80.3467515523,-0.0278919961133,-4.58920878875,8.55951013788,111.917503219,8.53161814177,107.32829443
80.7177392546,-0.0281493291517,-4.61030755604,8.52509406777,112.00905707,8.49694473862,107.398749514
81.0904399305,-0.0284090286017,-4.6315024817,8.49072250103,112.100914721,8.46231347243,107.469412239
81.4648614896,-0.0286711160814,-4.6527939923,8.45639573305,112.193076232,8.42772461696,107.54028224
81.8410118777,-0.0289356134032,-4.67418251618,8.42211406021,112.285541651,8.39317844681,107.611359135
82.2188990774,-0.0292025425765,-4.69566848339,8.38787777996,112.378311014,8.35867523739,107.68264253
82.5985311081,-0.0294719258087,-4.71725232573,8.35368719073,112.471384344,8.32421526492,107.754132018
82.9799160262,-0.0297437855074,-4.73893447673,8.31954259193,112.564761651,8.28979880642,107.825827174
83.3630619255,-0.0300181442817,-4.76071537171,8.28544428398,112.658442933,8.2554261397,107.897727561
83.747976937,-0.0302950249445,-4.78259544769,8.25139256825,112.752428174,8.22109754331,107.969832726
84.1346692292,-0.0305744505137,-4.80457514349,8.21738774708,112.846717346,8.18681329657,108.042142203
84.5231470085,-0.0308564442145,-4.82665489969,8.18343012374,112.941310407,8.15257367953,108.114655507
84.913418519,-0.0311410294809,-4.84883515861,8.14952000244,113.036207301,8.11837897296,108.187372143
85.3054920431,-0.0314282299577,-4.87111636437,8.11565768829,113.131407961,8.08422945833,108.260291596
85.6993759011,-0.031718069502,-4.89349896287,8.08184348732,113.226912303,8.05012541781,108.33341334
86.0950784521,-0.0320105721855,-4.91598340176,8.04807770642,113.322720231,8.01606713424,108.406736829
86.4926080934,-0.0323057622963,-4.93857013052,8.01436065339,113.418831636,7.98205489109,108.480261506
86.8919732615,-0.0326036643404,-4.96125960039,7.98069263684,113.515246394,7.9480889725,108.553986794
87.2931824315,-0.032904303044,-4.98405226442,7.94707396626,113.611964366,7.91416966321,108.627912102
87.6962441179,-0.033207703355,-5.00694857744,7.91350495194,113.708985401,7.88029724858,108.702036823
88.1011668742,-0.0335138904457,-5.02994899612,7.87998590498,113.806309331,7.84647201453,108.776360335
88.5079592937,-0.0338228897137,-5.0530539789,7.84651713729,113.903935976,7.81269424758,108.850881997
88.9166300092,-0.0341347267847,-5.07626398606,7.81309896154,114.00186514,7.77896423476,108.925601153
89.3271876935,-0.0344494275141,-5.09957947968,7.77973169116,114.100096612,7.74528226365,109.000517132
89.7396410594,-0.034767017989,-5.12300092367,7.74641564033,114.198630167,7.71164862234,109.075629243
90.1539988597,-0.0350875245303,-5.14652878376,7.71315112394,114.297465565,7.67806359941,109.150936781
90.5702698879,-0.0354109736947,-5.17016352753,7.67993845759,114.39660255,7.6445274839,109.226439023
90.9884629781,-0.0357373922769,-5.19390562436,7.64677795758,114.496040853,7.6110405653,109.302135229
91.408587005,-0.0360668073111,-5.21775554549,7.61366994086,114.595780186,7.57760313355,109.378024641
91.8306508844,-0.0363992460737,-5.241713764,7.58061472504,114.69582025,7.54421547897,109.454106486
92.2546635733,-0.0367347360852,-5.26578075481,7.54761262836,114.796160726,7.51087789227,109.530379971
92.6806340699,-0.0370733051121,-5.28995699469,7.51466396966,114.896801283,7.47759066455,109.606844288
93.1085714142,-0.0374149811693,-5.31424296226,7.48176906839,114.997741572,7.44435408722,109.683498609
93.5384846876,-0.037759792522,-5.33863913802,7.44892824456,115.098981228,7.41116845204,109.76034209
93.9703830137,-0.038107767688,-5.36314600431,7.41614181872,115.200519873,7.37803405104,109.837373868
94.4042755582,-0.0384589354399,-5.38776404534,7.38341011198,115.302357108,7.34495117654,109.914593063
94.840171529,-0.0388133248072,-5.41249374718,7.35073344592,115.404492523,7.31192012111,109.991998775
95.2780801767,-0.0391709650784,-5.43733559779,7.31811214263,115.506925687,7.27894117755,110.069590089
95.7180107944,-0.0395318858035,-5.46229008699,7.28554652466,115.609656155,7.24601463885,110.147366068
96.1599727182,-0.0398961167962,-5.48735770651,7.253036915,115.712683466,7.21314079821,110.225325759
96.6039753274,-0.0402636881359,-5.51253894992,7.22058363708,115.81600714,7.18031994894,110.30346819
97.0500280444,-0.04063463017,-5.5378343127,7.1881870147,115.919626683,7.14755238452,110.381792371
97.4981403353,-0.0410089735168,-5.56324429223,7.15584737204,116.023541582,7.11483839852,110.46029729
97.9483217099,-0.0413867490668,-5.58876938776,7.12356503364,116.127751308,7.08217828458,110.53898192
98.4005817217,-0.041767987986,-5.61441010046,7.09134032438,116.232255315,7.04957233639,110.617845214
98.8549299687,-0.0421527217175,-5.64016693339,7.05917356941,116.337053038,7.01702084769,110.696886105
99.3113760927,-0.0425409819845,-5.66604039151,7.02706509419,116.442143898,6.98452411221,110.776103506
99.7699297804,-0.0429328007921,-5.69203098168,6.99501522442,116.547527295,6.95208242362,110.855496313
100.230600763,-0.0433282104302,-5.7181392127,6.96302428602,116.653202615,6.91969607559,110.935063402
100.693398817,-0.0437272434756,-5.74436559526,6.93109260515,116.759169224,6.88736536167,111.014803628
101.158333764,-0.0441299327944,-5.77071064195,6.89922050811,116.865426471,6.85509057531,111.094715829
101.62541547,-0.0445363115449,-5.79717486732,6.86740832137,116.971973687,6.82287200983,111.17479882
102.094653848,-0.0449464131797,-5.82375878781,6.83565637153,117.078810186,6.79070995835,111.255051399
102.566058856,-0.045360271448,-5.8504629218,6.80396498528,117.185935264,6.75860471383,111.335472343
103.039640498,-0.0457779203987,-5.87728778958,6.7723344894,117.293348198,6.726556569,111.416060409
103.515408824,-0.0461993943825,-5.90423391339,6.74076521069,117.401048248,6.69456581631,111.496814334
103.99337393,-0.0466247280547,-5.93130181739,6.709257476,117.509034654,6.66263274795,111.577732836
104.473545961,-0.0470539563775,-5.95849202769,6.67781161215,117.61730664,6.63075765577,111.658814612
104.955935105,-0.0474871146228,-5.98580507231,6.64642794593,117.72586341,6.59894083131,111.740058337
105.440551601,-0.0479242383749,-6.01324148123,6.61510680407,117.83470415,6.56718256569,111.821462669
105.927405733,-0.0483653635327,-6.04080178638,6.58384851319,117.943828029,6.53548314966,111.903026242
106.416507832,-0.048810526313,-6.06848652161,6.55265339981,118.053234195,6.50384287349,111.984747673
106.907868279,-0.0492597632526,-6.09629622273,6.52152179028,118.162921778,6.47226202703,112.066625556
107.4014975,-0.0497131112112,-6.12423142751,6.49045401078,118.272889891,6.44074089957,112.148658464
107.897405972,-0.0501706073742,-6.15229267564,6.45945038728,118.383137627,6.40927977991,112.230844951
108.395604218,-0.0506322892554,-6.1804805088,6.4285112455,118.493664059,6.37787895625,112.31318355
108.896102812,-0.0510981946996,-6.20879547059,6.3976369109,118.604468243,6.3465387162,112.395672772
109.398912374,-0.0515683618856,-6.23723810659,6.36682770863,118.715549215,6.31525934675,112.478311108
109.904043575,-0.0520428293288,-6.26580896432,6.33608396352,118.826905991,6.28404113419,112.561097027
110.411507136,-0.052521635884,-6.29450859328,6.30540600002,118.938537571,6.25288436414,112.644028978
110.921313824,-0.0530048207485,-6.32333754491,6.2747941422,119.050442934,6.22178932145,112.727105389
111.43347446,-0.0534924234646,-6.35229637262,6.24424871369,119.162621038,6.19075629022,112.810324665
111.947999911,-0.053984483923,-6.3813856318,6.21377003768,119.275070825,6.15978555376,112.893685193
112.464901098,-0.0544810423648,-6.41060587977,6.18335843686,119.387791215,6.12887739449,112.977185335
112.98418899,-0.0549821393855,-6.43995767584,6.15301423339,119.500781111,6.09803209401,113.060823435
113.505874608,-0.0554878159371,-6.4694415813,6.12273774891,119.614039395,6.06724993297,113.144597814
114.029969021,-0.0559981133315,-6.49905815936,6.09252930442,119.72756493,6.03653119108,113.228506771
114.556483352,-0.0565130732433,-6.52880797525,6.06238922034,119.841356561,6.00587614709,113.312548585
115.085428776,-0.0570327377128,-6.55869159614,6.03231781642,119.95541311,5.97528507871,113.396721514
115.616816517,-0.0575571491492,-6.58870959118,6.00231541173,120.069733383,5.94475826258,113.481023792
116.150657852,-0.0580863503334,-6.61886253149,5.97238232462,120.184316165,5.91429597429,113.565453634
116.68696411,-0.0586203844214,-6.64915099015,5.94251887269,120.299160221,5.88389848826,113.650009231
117.225746672,-0.0591592949469,-6.67957554223,5.91272537272,120.414264298,5.85356607778,113.734688756
117.767016973,-0.0597031258249,-6.71013676476,5.88300214072,120.529627122,5.8232990149,113.819490357
118.3107865,-0.0602519213546,-6.74083523673,5.8533494918,120.645247398,5.79309757045,113.904412162
118.857066791,-0.0608057262225,-6.77167153912,5.82376774021,120.761123816,5.76296201398,113.989452277
119.40586944,-0.0613645855057,-6.80264625489,5.79425719924,120.877255041,5.73289261373,114.074608786
119.957206094,-0.0619285446751,-6.83375996893,5.76481818124,120.993639722,5.70288963657,114.159879753
120.511088452,-0.0624976495986,-6.86501326814,5.73545099758,121.110276487,5.67295334798,114.245263219
121.06752827,-0.0630719465442,-6.89640674138,5.70615595856,121.227163945,5.64308401201,114.330757203
121.626537356,-0.0636514821835,-6.92794097946,5.67693337344,121.344300683,5.61328189126,114.416359703
122.188127573,-0.0642363035949,-6.95961657519,5.64778355038,121.461685271,5.58354724678,114.502068696
122.752310839,-0.0648264582668,-6.99143412333,5.61870679638,121.579316259,5.55388033811,114.587882136
123.319099126,-0.0654219941011,-7.02339422059,5.58970341729,121.697192176,5.52428142319,114.673797956
123.888504464,-0.0660229594165,-7.05549746568,5.56077371773,121.815311533,5.49475075831,114.759814068
124.460538937,-0.0666294029518,-7.08774445925,5.5319180011,121.933672821,5.46528859815,114.845928361
125.035214682,-0.0672413738693,-7.12013580392,5.50313656949,122.052274509,5.43589519562,114.932138705
125.612543897,-0.0678589217587,-7.15267210428,5.47442972369,122.171115049,5.40657080193,115.018442945
126.192538833,-0.0684820966395,-7.18535396686,5.44579776314,122.290192875,5.3773156665,115.104838908
126.775211799,-0.0691109489657,-7.21818200015,5.41724098586,122.409506396,5.34813003689,115.191324396
127.36057516,-0.0697455296283,-7.25115681462,5.38875968848,122.529054008,5.31901415885,115.277897193
127.948641338,-0.0703858899595,-7.28427902267,5.36035416614,122.648834082,5.28996827618,115.364555059
128.539422814,-0.0710320817359,-7.31754923866,5.33202471249,122.768844974,5.26099263075,115.451295735
129.132932125,-0.071684157182,-7.35096807889,5.30377161965,122.889085017,5.23208746246,115.538116938
129.729181865,-0.0723421689741,-7.38453616161,5.27559517814,123.009552527,5.20325300917,115.625016365
130.32818469,-0.0730061702435,-7.41825410702,5.24749567691,123.1302458,5.17448950667,115.711991693
130.929953309,-0.0736762145808,-7.45212253725,5.21947340323,123.251163113,5.14579718865,115.799040576
131.534500495,-0.0743523560386,-7.48614207639,5.19152864269,123.372302724,5.11717628665,115.886160648
132.141839076,-0.0750346491361,-7.52031335042,5.16366167917,123.493662872,5.08862703004,115.973349521
132.751981942,-0.0757231488622,-7.5546369873,5.13587279479,123.615241775,5.06014964593,116.060604788
133.364942041,-0.0764179106795,-7.58911361688,5.10816226987,123.737037635,5.03174435919,116.147924018
133.98073238,-0.0771189905281,-7.62374387095,5.0805303829,123.859048634,5.00341139238,116.235304763
134.599366028,-0.0778264448291,-7.65852838321,5.05297741051,123.981272934,4.97515096568,116.322744551
135.220856114,-0.0785403304888,-7.6934677893,5.02550362741,124.10370868,4.94696329692,116.41024089
135.845215827,-0.0792607049019,-7.72856272673,4.99810930639,124.226353997,4.91884860148,116.49779127
136.472458416,-0.0799876259562,-7.76381383495,4.97079471823,124.349206992,4.89080709227,116.585393157
137.102597193,-0.0807211520358,-7.7992217553,4.94356013173,124.472265755,4.86283897969,116.673043999
137.735645531,-0.081461342025,-7.83478713101,4.91640581361,124.595528354,4.83494447159,116.760741223
138.371616863,-0.0822082553129,-7.87051060722,4.88933202853,124.718992843,4.80712377322,116.848482235
139.010524687,-0.0829619517965,-7.90639283093,4.862339039,124.842657254,4.77937708721,116.936264423
139.652382562,-0.0837224918852,-7.94243445106,4.83542710539,124.966519604,4.75170461351,117.024085153
140.297204107,-0.0844899365045,-7.97863611835,4.80859648586,125.09057789,4.72410654936,117.111941772
140.945003008,-0.0852643471003,-8.01499848547,4.78184743634,125.214830092,4.69658308924,117.199831607
141.595793013,-0.0860457856427,-8.05152220692,4.7551802105,125.339274172,4.66913442486,117.287751966
142.249587932,-0.0868343146301,-8.08820793905,4.7285950597,125.463908075,4.64176074507,117.375700136
142.906401639,-0.0876299970935,-8.12505634008,4.70209223296,125.588729728,4.61446223587,117.463673388
143.566248074,-0.0884328966002,-8.16206807008,4.67567197692,125.71373704,4.58723908032,117.55166897
144.22914124,-0.0892430772584,-8.19924379093,4.64933453583,125.838927904,4.56009145857,117.639684113
144.895095204,-0.090060603721,-8.23658416637,4.62308015147,125.964300195,4.53301954775,117.727716028
145.5641241,-0.0908855411899,-8.27408986195,4.59690906316,126.089851771,4.50602352197,117.815761909
146.236242124,-0.0917179554203,-8.31176154502,4.57082150768,126.215580473,4.47910355226,117.903818928
146.911463541,-0.0925579127248,-8.34959988477,4.5448177193,126.341484128,4.45225980657,117.991884243
147.589802681,-0.0934054799778,-8.38760555216,4.51889792966,126.467560543,4.42549244968,118.07995499
148.271273937,-0.0942607246195,-8.42577921997,4.49306236782,126.593807509,4.3988016432,118.168028289
148.955891774,-0.0951237146605,-8.46412156274,4.46731126017,126.720222803,4.37218754551,118.25610124
149.643670719,-0.0959945186861,-8.50263325679,4.44164483042,126.846804184,4.34565031174,118.344170927
150.334625369,-0.0968732058602,-8.54131498022,4.41606329957,126.973549396,4.31919009371,118.432234415
151.028770386,-0.0977598459304,-8.58016741287,4.39056688585,127.100456166,4.29280703992,118.520288753
151.726120502,-0.0986545092319,-8.61919123632,4.36515580472,127.227522208,4.26650129548,118.608330972
152.426690515,-0.0995572666919,-8.65838713393,4.33983026881,127.354745218,4.24027300212,118.696358084
153.130495294,-0.100468189834,-8.69775579073,4.31459048793,127.482122878,4.2141222981,118.784367087
153.837549773,-0.101387350784,-8.7372978935,4.28943666898,127.609652854,4.1880493182,118.872354961
154.547868958,-0.102314822272,-8.77701413073,4.26436901597,127.7373328,4.1620541937,118.960318669
155.261467924,-0.103250677638,-8.81690519259,4.23938772994,127.865160351,4.1361370523,119.048255158
155.978361813,-0.104194990837,-8.85697177095,4.21449300899,127.99313313,4.11029801815,119.136161359
156.698565841,-0.105147836444,-8.89721455934,4.18968504818,128.121248747,4.08453721174,119.224034187
157.42209529,-0.106109289656,-8.93763425296,4.16496403957,128.249504794,4.05885474991,119.311870542
158.148965515,-0.1070794263,-8.97823154866,4.14033017213,128.377898854,4.03325074583,119.399667305
158.879191942,-0.108058322835,-9.01900714493,4.11578363175,128.506428492,4.00772530891,119.487421347
159.612790068,-0.109046056357,-9.05996174188,4.09132460119,128.635091262,3.98227854483,119.575129521
160.349775461,-0.110042704606,-9.10109604124,4.06695326006,128.763884705,3.95691055545,119.662788663
161.09016376,-0.111048345967,-9.14241074634,4.04266978479,128.892806345,3.93162143883,119.750395599
161.833970679,-0.112063059479,-9.18390656208,4.01847434862,129.021853699,3.90641128914,119.837947137
162.581212002,-0.113086924835,-9.22558419496,3.99436712152,129.151024268,3.88128019668,119.925440073
163.331903587,-0.11412002239,-9.26744435303,3.97034827023,129.28031554,3.85622824784,120.012871187
164.086061365,-0.115162433166,-9.30948774588,3.94641795818,129.409724993,3.83125552501,120.100237247
164.843701341,-0.116214238854,-9.35171508462,3.9225763455,129.539250091,3.80636210665,120.187535007
165.604839592,-0.117275521822,-9.39412708191,3.89882358898,129.668888288,3.78154806716,120.274761207
166.369492272,-0.118346365117,-9.43672445188,3.87515984203,129.798637026,3.75681347691,120.361912574
167.137675608,-0.119426852473,-9.47950791015,3.85158525468,129.928493735,3.73215840221,120.448985825
167.909405903,-0.120517068313,-9.52247817383,3.82809997356,130.058455835,3.70758290525,120.535977661
168.684699533,-0.121617097755,-9.56563596147,3.80470414184,130.188520734,3.68308704408,120.622884773
169.463572952,-0.122727026618,-9.60898199304,3.78139789923,130.318685831,3.65867087261,120.709703838
170.246042689,-0.123846941424,-9.65251698996,3.75818138197,130.448948514,3.63433444054,120.796431524
171.032125349,-0.124976929408,-9.69624167503,3.73505472278,130.57930616,3.61007779337,120.883064485
171.821837615,-0.126117078517,-9.74015677246,3.71201805088,130.709756138,3.58590097236,120.969599366
172.615196244,-0.127267477419,-9.7842630078,3.6890714919,130.840295807,3.56180401448,121.056032799
173.412218075,-0.128428215506,-9.82856110796,3.66621516794,130.970922515,3.53778695243,121.142361407
174.212920021,-0.129599382903,-9.8730518012,3.64344919748,131.101633604,3.51384981457,121.228581803
175.017319075,-0.130781070466,-9.91773581707,3.62077369541,131.232426404,3.48999262494,121.314690587
175.825432307,-0.131973369795,-9.96261388641,3.59818877298,131.36329824,3.46621540319,121.400684354
176.637276866,-0.133176373231,-10.0076867414,3.57569453782,131.494246426,3.44251816459,121.486559684
177.452869982,-0.134390173869,-10.0529551153,3.55329109385,131.625268268,3.41890091998,121.572313153
178.272228964,-0.135614865558,-10.0984197428,3.53097854136,131.756361067,3.3953636758,121.657941324
179.095371198,-0.136850542907,-10.1440813597,3.5087569769,131.887522114,3.37190643399,121.743440755
179.922314154,-0.138097301292,-10.189940703,3.48662649333,132.018748694,3.34852919204,121.828807992
180.753075381,-0.13935523686,-10.2359985109,3.46458717978,132.150038086,3.32523194292,121.914039575
181.587672509,-0.140624446533,-10.2822555227,3.44263912163,132.281387559,3.30201467509,121.999132037
182.42612325,-0.141905028016,-10.3287124789,3.42078240049,132.41279438,3.27887737247,122.084081901
183.268445398,-0.143197079798,-10.375370121,3.39901709422,132.544255808,3.25582001442,122.168885687
184.114656827,-0.144500701164,-10.4222291916,3.37734327688,132.675769095,3.23284257572,122.253539903
184.964775496,-0.145815992193,-10.4692904345,3.35576101874,132.80733149,3.20994502655,122.338041056
185.818819446,-0.147143053766,-10.5165545944,3.33427038626,132.938940235,3.18712733249,122.422385641
186.676806801,-0.148481987576,-10.5640224169,3.31287144206,133.070592569,3.16438945449,122.506570152
187.538755769,-0.149832896123,-10.6116946489,3.29156424497,133.202285723,3.14173134885,122.590591074
188.404684643,-0.151195882731,-10.6595720378,3.27034884994,133.334016928,3.11915296721,122.67444489
189.274611799,-0.152571051544,-10.7076553325,3.24922530809,133.465783408,3.09665425655,122.758128076
190.148555698,-0.153958507536,-10.7559452822,3.22819366667,133.597582384,3.07423515914,122.841637102
191.026534887,-0.155358356517,-10.8044426375,3.20725396907,133.729411074,3.05189561256,122.924968437
191.908567998,-0.156770705136,-10.8531481495,3.18640625481,133.861266693,3.02963554968,123.008118544
192.79467375,-0.158195660885,-10.9020625702,3.16565055952,133.993146452,3.00745489863,123.091083882
193.684870947,-0.15963333211,-10.9511866526,3.14498691494,134.12504756,2.98535358283,123.173860908
194.57917848,-0.16108382801,-11.0005211502,3.12441534893,134.256967225,2.96333152092,123.256446075
195.47761533,-0.162547258649,-11.0500668174,3.10393588544,134.388902651,2.94138862679,123.338835833
196.380200561,-0.164023734953,-11.0998244093,3.08354854454,134.520851041,2.91952480958,123.421026632
197.286953329,-0.165513368725,-11.1497946814,3.06325334236,134.652809598,2.89773997364,123.503014916
198.197892877,-0.167016272643,-11.1999783904,3.04305029116,134.784775522,2.87603401852,123.584797131
199.113038536,-0.168532560269,-11.250376293,3.02293939927,134.916746013,2.854406839,123.66636972
200.032409726,-0.170062346053,-11.3009891469,3.00292067111,135.048718271,2.83285832506,123.747729124
200.95602596,-0.17160574534,-11.3518177103,2.9829941072,135.180689495,2.81138836186,123.828871785
201.883906837,-0.173162874375,-11.4028627418,2.96315970413,135.312656885,2.78999682975,123.909794143
202.81607205,-0.174733850305,-11.4541250005,2.94341745459,135.44461764,2.76868360429,123.990492639
203.752541379,-0.176318791192,-11.5056052461,2.92376734737,135.576568961,2.74744855618,124.070963715
204.693334699,-0.17791781601,-11.5573042385,2.90420936733,135.70850805,2.72629155132,124.151203811
205.638471975,-0.179531044658,-11.6092227381,2.88474349544,135.840432109,2.70521245078,124.231209371
206.587973265,-0.181158597959,-11.6613615057,2.86536970876,135.972338343,2.68421111081,124.310976837
207.541858718,-0.182800597669,-11.7137213024,2.84608798047,136.104223959,2.6632873828,124.390502656
208.500148578,-0.184457166485,-11.7663028895,2.82689827983,136.236086164,2.64244111334,124.469783274
209.462863181,-0.186128428043,-11.8191070286,2.80780057222,136.36792217,2.62167214417,124.548815142
210.430022958,-0.187814506931,-11.8721344815,2.78879481915,136.499729191,2.60098031221,124.62759471
211.401648434,-0.189515528691,-11.9253860102,2.76988097823,136.631504444,2.58036544954,124.706118434
212.377760228,-0.191231619824,-11.9788623766,2.75105900324,136.763245148,2.55982738342,124.784382771
213.358379055,-0.192962907796,-12.0325643432,2.73232884406,136.894948528,2.53936593626,124.862384185
214.343525726,-0.194709521048,-12.0864926719,2.71369044673,137.026611811,2.51898092568,124.940119139
215.333221147,-0.196471588991,-12.1406481252,2.69514375345,137.15823223,2.49867216446,125.017584105
216.327486321,-0.198249242024,-12.1950314652,2.67668870259,137.289807021,2.47843946057,125.094775556
217.326342349,-0.200042611529,-12.249643454,2.65832522869,137.421333425,2.45828261717,125.171689971
218.329810427,-0.201851829883,-12.3044848538,2.64005326248,137.552808689,2.4382014326,125.248323836
219.337911852,-0.203677030462,-12.3595564263,2.62187273088,137.684230065,2.41819570042,125.324673639
220.350668016,-0.205518347643,-12.4148589332,2.60378355704,137.815594811,2.3982652094,125.400735877
221.368100413,-0.207375916815,-12.470393136,2.58578566032,137.946900189,2.3784097435,125.476507053
222.390230634,-0.209249874381,-12.5261597959,2.56787895631,138.078143469,2.35862908193,125.551983673
223.417080371,-0.211140357763,-12.5821596736,2.55006335688,138.209321928,2.33892299912,125.627162255
224.448671414,-0.213047505409,-12.6383935296,2.53233877015,138.340432849,2.31929126474,125.702039319
225.485025657,-0.214971456798,-12.694862124,2.51470510051,138.471473521,2.29973364372,125.776611397
226.526165093,-0.216912352447,-12.7515662162,2.49716224868,138.602441243,2.28024989623,125.850875026
227.572111816,-0.218870333911,-12.8085065654,2.47971011165,138.733333318,2.26083977774,125.924826753
228.622888023,-0.220845543796,-12.8656839299,2.46234858279,138.86414706,2.24150303899,125.99846313
229.678516014,-0.222838125758,-12.9230990677,2.44507755178,138.99487979,2.22223942602,126.071780722
230.73901819,-0.224848224511,-12.980752736,2.42789690469,139.125528837,2.20304868018,126.144776101
231.804417059,-0.226875985832,-13.0386456913,2.41080652397,139.25609154,2.18393053813,126.217445848
232.874735228,-0.228921556568,-13.0967786893,2.39380628847,139.386565244,2.1648847319,126.289786555
233.949995413,-0.230985084637,-13.1551524849,2.37689607347,139.516947307,2.14591098883,126.361794823
235.030220433,-0.233066719038,-13.2137678321,2.3600757507,139.647235095,2.12700903166,126.433467263
236.11543321,-0.235166609852,-13.2726254843,2.34334518835,139.777425982,2.1081785785,126.504800497
237.205656777,-0.237284908251,-13.3317261934,2.32670425111,139.907517353,2.08941934286,126.57579116
238.300914268,-0.239421766501,-13.3910707106,2.31015280017,140.037506605,2.07073103367,126.646435895
239.401228929,-0.241577337967,-13.4506597861,2.29369069324,140.167391144,2.05211335528,126.716731358
240.506624108,-0.243751777119,-13.5104941688,2.27731778462,140.297168385,2.0335660075,126.786674216
241.617123265,-0.245945239537,-13.5705746064,2.26103392517,140.426835757,2.01508868563,126.856261151
242.732749966,-0.248157881917,-13.6309018453,2.24483896234,140.556390699,1.99668108042,126.925488854
243.853527887,-0.250389862072,-13.691476631,2.22873274024,140.68583066,1.97834287816,126.994354029
244.979480813,-0.252641338942,-13.752299707,2.2127150996,140.815153103,1.96007376066,127.062853396
246.110632638,-0.254912472597,-13.813371816,2.19678587786,140.944355502,1.94187340526,127.130983686
247.247007368,-0.25720342424,-13.8746936988,2.18094490914,141.073435342,1.9237414849,127.198741643
248.388629119,-0.259514356216,-13.9362660948,2.16519202432,141.202390121,1.9056776681,127.266124026
249.535522117,-0.261845432012,-13.9980897419,2.14952705099,141.331217351,1.88768161898,127.333127609
250.687710702,-0.264196816267,-14.0601653762,2.13394981358,141.459914555,1.86975299731,127.399749179
251.845219325,-0.266568674772,-14.1224937321,2.1184601333,141.588479269,1.85189145852,127.465985537
253.008072551,-0.268961174479,-14.1850755423,2.1030578282,141.716909044,1.83409665372,127.531833502
254.176295057,-0.2713744835,-14.2479115375,2.08774271322,141.845201442,1.81636822972,127.597289905
255.349911636,-0.273808771119,-14.3110024467,2.07251460019,141.973354041,1.79870582907,127.662351594
256.528947193,-0.276264207791,-14.3743489967,2.05737329786,142.101364431,1.78110909007,127.727015435
257.71342675,-0.278740965148,-14.4379519125,2.04231861194,142.229230217,1.76357764679,127.791278305
258.903375444,-0.281239216004,-14.5018119166,2.02735034513,142.356949018,1.74611112912,127.855137102
260.098818526,-0.28375913436,-14.5659297298,2.01246829715,142.484518468,1.72870916279,127.918588738
261.299781368,-0.286300895408,-14.6303060702,1.99767226478,142.611936213,1.71137136937,127.981630143
262.506289454,-0.288864675533,-14.694941654,1.98296204185,142.739199918,1.69409736632,128.044258264
263.718368391,-0.29145065232,-14.7598371948,1.96833741933,142.86630726,1.67688676701,128.106470065
264.936043899,-0.29405900456,-14.8249934036,1.95379818532,142.993255932,1.65973918076,128.168262528
266.15934182,-0.296689912249,-14.8904109892,1.93934412509,143.120043642,1.64265421284,128.229632653
267.388288116,-0.299343556595,-14.9560906576,1.92497502114,143.246668114,1.62563146454,128.290577457
268.622908865,-0.302020120023,-15.0220331122,1.91069065318,143.373127088,1.60867053315,128.351093976
269.863230269,-0.304719786176,-15.0882390535,1.89649079821,143.49941832,1.59177101204,128.411179266
271.109278651,-0.307442739923,-15.1547091795,1.88237523055,143.62553958,1.57493249062,128.470830401
272.361080452,-0.310189167359,-15.2214441849,1.86834372183,143.751488656,1.55815455447,128.530044472
273.61866224,-0.312959255811,-15.2884447618,1.85439604107,143.877263353,1.54143678525,128.588818591
274.882050701,-0.315753193841,-15.355711599,1.8405319547,144.002861491,1.52477876085,128.647149892
276.151272647,-0.318571171249,-15.4232453824,1.82675122658,144.128280906,1.50818005533,128.705035524
277.426355013,-0.321413379078,-15.4910467944,1.81305361806,144.253519453,1.49164023899,128.762472659
278.70732486,-0.324280009616,-15.5591165145,1.799438888,144.378575003,1.47515887839,128.819458489
279.99420937,-0.327171256401,-15.6274552185,1.7859067928,144.503445444,1.4587355364,128.875990225
281.287035855,-0.330087314223,-15.6960635789,1.77245708643,144.62812868,1.4423697722,128.932065101
282.58583175,-0.333028379128,-15.7649422647,1.75908952049,144.752622634,1.42606114136,128.987680369
283.890624618,-0.335994648419,-15.8340919413,1.74580384423,144.876925246,1.40980919581,129.042833305
285.20144215,-0.338986320664,-15.9035132704,1.73259980459,145.001034474,1.39361348392,129.097521204
286.518312162,-0.342003595693,-15.9732069099,1.71947714622,145.124948293,1.37747355052,129.151741383
287.841262602,-0.345046674605,-16.0431735138,1.70643561153,145.248664695,1.36138893693,129.205491181
289.170321544,-0.348115759769,-16.1134137323,1.69347494075,145.372181692,1.34535918098,129.258767959
290.505517193,-0.351211054829,-16.1839282115,1.68059487191,145.495497312,1.32938381708,129.311569101
291.846877886,-0.354332764701,-16.2547175934,1.66779514091,145.618609604,1.3134623762,129.363892011
293.194432088,-0.357481095584,-16.3257825158,1.65507548156,145.741516632,1.29759438598,129.415734116
294.548208396,-0.360656254954,-16.3971236121,1.64243562562,145.86421648,1.28177937067,129.467092868
295.908235539,-0.363858451571,-16.4687415116,1.62987530281,145.98670725,1.26601685124,129.517965739
297.274542381,-0.36708789548,-16.5406368388,1.61739424087,146.108987063,1.25030634539,129.568350225
298.647157917,-0.370344798016,-16.612810214,1.60499216557,146.231054059,1.23464736756,129.618243845
300.026111276,-0.373629371798,-16.6852622525,1.59266880081,146.352906395,1.21903942901,129.667644143
301.411431721,-0.376941830741,-16.7579935651,1.58042386855,146.474542248,1.20348203781,129.716548683
302.803148652,-0.38028239005,-16.8310047576,1.56825708897,146.595959815,1.18797469892,129.764955057
304.201291603,-0.383651266225,-16.9042964311,1.55616818041,146.717157309,1.17251691419,129.812860878
305.605890246,-0.387048677062,-16.9778691815,1.54415685945,146.838132964,1.15710818239,129.860263783
307.016974389,-0.390474841654,-17.0517235996,1.53222284094,146.958885034,1.14174799928,129.907161434
308.434573976,-0.393929980394,-17.1258602711,1.52036583803,147.079411789,1.12643585764,129.953551518
309.858719093,-0.397414314972,-17.2002797762,1.50858556224,147.199711521,1.11117124727,129.999431745
311.289439963,-0.400928068382,-17.2749826898,1.49688172343,147.319782541,1.09595365505,130.044799851
312.726766946,-0.404471464917,-17.3499695814,1.48525402991,147.439623178,1.08078256499,130.089653596
314.170730547,-0.408044730174,-17.4252410148,1.47370218842,147.55923178,1.06565745825,130.133990765
315.621361409,-0.41164809105,-17.500797548,1.4622259042,147.678606717,1.05057781315,130.177809169
317.078690316,-0.41528177575,-17.5766397333,1.45082488103,147.797746376,1.03554310528,130.221106642
318.542748196,-0.418946013778,-17.6527681171,1.43949882123,147.916649163,1.02055280745,130.263881046
320.013566119,-0.422641035946,-17.7291832397,1.42824742573,148.035313507,1.00560638978,130.306130268
321.491175298,-0.426367074366,-17.8058856356,1.41707039409,148.153737853,0.990703319724,130.347852218
322.97560709,-0.430124362456,-17.8828758326,1.40596742456,148.271920668,0.975843062101,130.389044835
324.466892999,-0.433913134939,-17.9601543526,1.39493821408,148.389860435,0.961025079138,130.429706083
325.96506467,-0.437733627837,-18.0377217108,1.38398245834,148.507555662,0.946248830502,130.469833951
327.470153899,-0.441586078478,-18.115578416,1.37309985182,148.625004871,0.93151377334,130.509426455
328.982192626,-0.445470725491,-18.1937249705,1.3622900878,148.742206608,0.916819362313,130.548481638
330.50121294,-0.449387808804,-18.2721618695,1.35155285844,148.859159437,0.902165049635,130.586997567
332.027247076,-0.453337569648,-18.3508896017,1.34088785475,148.97586194,0.887550285107,130.624972339
333.560327419,-0.45732025055,-18.4299086486,1.33029476671,149.092312723,0.872974516157,130.662404074
335.100486505,-0.461336095336,-18.5092194847,1.31977328321,149.208510406,0.858437187874,130.699290921
336.647757019,-0.465385349126,-18.5888225776,1.30932309217,149.324453634,0.843937743047,130.735631056
338.202171795,-0.469468258335,-18.6687183871,1.29894388054,149.440141068,0.829475622201,130.77142268
339.763763822,-0.473585070671,-18.748907366,1.2886353343,149.55557139,0.815050263633,130.806664024
341.332566239,-0.477736035129,-18.8293899594,1.27839713858,149.670743302,0.800661103451,130.841353342
342.908612339,-0.481921401994,-18.9101666049,1.2682289776,149.785655525,0.786307575608,130.87548892
344.491935569,-0.486141422836,-18.9912377323,1.25813053478,149.900306799,0.771989111942,130.909069067
346.082569529,-0.490396350507,-19.0726037635,1.24810149272,150.014695886,0.75770514221,130.942092123
347.680547976,-0.494686439139,-19.1542651125,1.23814153327,150.128821566,0.743455094127,130.974556453
349.285904821,-0.499011944139,-19.2362221852,1.22825033754,150.242682637,0.729238393402,131.006460452
350.898674134,-0.503373122191,-19.3184753794,1.21842758597,150.356277919,0.715054463776,131.03780254
352.518890139,-0.507770231245,-19.4010250844,1.2086729583,150.469606251,0.700902727057,131.068581166
354.146587221,-0.512203530521,-19.4838716813,1.19898613368,150.58266649,0.686782603157,131.098794809
355.781799923,-0.5166732805,-19.5670155424,1.18936679063,150.695457514,0.672693510131,131.128441972
357.424562945,-0.52117974292,-19.6504570315,1.17981460713,150.80797822,0.658634864212,131.157521188
359.074911152,-0.525723180775,-19.7341965037,1.17032926062,150.920227524,0.644606079849,131.18603102
360.732879566,-0.53030385831,-19.818234305,1.16091042805,151.032204361,0.630606569741,131.213970056
362.398503372,-0.534922041013,-19.9025707725,1.15155778589,151.143907686,0.616635744877,131.241336914
364.071817917,-0.539577995613,-19.9872062341,1.14227101019,151.255336474,0.602693014573,131.26813024
365.752858713,-0.544271990076,-20.0721410086,1.13304977658,151.366489717,0.588777786505,131.294348708
367.441661434,-0.549004293594,-20.1573754052,1.12389376034,151.477366427,0.574889466749,131.319991022
369.13826192,-0.553775176587,-20.2429097238,1.1148026364,151.587965636,0.561027459816,131.345055912
370.842696174,-0.558584910692,-20.3287442545,1.10577607938,151.698286393,0.547191168689,131.369542139
372.555000369,-0.56343376876,-20.4148792778,1.09681376362,151.808327769,0.533379994861,131.393448491
374.275210843,-0.568322024845,-20.5013150642,1.08791536321,151.918088851,0.519593338369,131.416773787
376.003364101,-0.573249954205,-20.5880518744,1.07908055204,152.027568746,0.505830597832,131.439516871
377.739496818,-0.578217833288,-20.6750899588,1.07030900378,152.136766579,0.492091170487,131.46167662
379.483645838,-0.583225939731,-20.7624295576,1.06160039196,152.245681495,0.478374452227,131.483251938
381.235848175,-0.588274552348,-20.8500709008,1.05295438998,152.354312657,0.464679837635,131.504241756
382.996141013,-0.593363951124,-20.9380142078,1.04437067115,152.462659245,0.451006720021,131.524645037
384.764561709,-0.598494417211,-21.0262596873,1.03584890867,152.57072046,0.437354491459,131.544460773
386.541147793,-0.603666232915,-21.1148075374,1.02738877574,152.67849552,0.423722542824,131.563687983
388.325936966,-0.608879681689,-21.2036579453,1.01898994551,152.785983662,0.410110263826,131.582325716
390.118967104,-0.614135048127,-21.2928110873,1.01065209118,152.893184139,0.396517043049,131.600373052
391.92027626,-0.619432617953,-21.3822671285,1.00237488594,153.000096225,0.382942267983,131.617829097
393.72990266,-0.624772678013,-21.4720262227,0.994158003078,153.106719211,0.369385325065,131.634692988
395.547884707,-0.630155516266,-21.5620885125,0.986001115978,153.213052405,0.355845599712,131.650963893
397.374260983,-0.635581421773,-21.6524541289,0.977903898131,153.319095135,0.342322476358,131.666641006
399.209070246,-0.641050684688,-21.7431231913,0.969866023179,153.424846744,0.32881533849,131.681723552
401.052351435,-0.646563596252,-21.8340958075,0.961887164936,153.530306594,0.315323568684,131.696210787
402.904143666,-0.652120448773,-21.9253720733,0.953966997413,153.635474067,0.30184654864,131.710101993
404.764486239,-0.657721535626,-22.0169520726,0.946105194846,153.740348558,0.288383659219,131.723396485
406.633418632,-0.663367151237,-22.1088358769,0.938301431716,153.844929482,0.274934280479,131.736093605
408.510980509,-0.669057591071,-22.2010235459,0.930555382781,153.949216271,0.26149779171,131.748192725
410.397211714,-0.674793151622,-22.2935151267,0.922866723093,154.053208375,0.24807357147,131.759693249
412.292152277,-0.680574130404,-22.3863106538,0.915235128026,154.15690526,0.234660997621,131.770594606
414.195842411,-0.686400825935,-22.4794101493,0.9076602733,154.260306409,0.221259447365,131.78089626
416.108322516,-0.692273537724,-22.5728136224,0.900141835004,154.363411322,0.20786829728,131.7905977
418.029633178,-0.698192566265,-22.6665210695,0.892679489617,154.466219516,0.194486923352,131.799698447
419.959815172,-0.704158213016,-22.760532474,0.885272914033,154.568730525,0.181114701018,131.808198051
421.898909458,-0.710170780392,-22.8548478061,0.877921785586,154.6709439,0.167751005194,131.816096094
423.846957189,-0.71623057175,-22.9494670228,0.870625782065,154.772859206,0.154395210315,131.823392183
425.803999704,-0.722337891371,-23.0443900677,0.863384581742,154.874476028,0.141046690371,131.83008596
427.770078536,-0.728493044455,-23.139616871,0.856197863393,154.975793964,0.127704818938,131.836177093
429.745235409,-0.734696337096,-23.2351473492,0.849065306315,155.07681263,0.114368969219,131.841665281
431.729512238,-0.740948076276,-23.3309814049,0.841986590353,155.177531658,0.101038514077,131.846550253
433.722951134,-0.747248569847,-23.4271189271,0.834961395915,155.277950695,0.0877128260682,131.850831768
435.725594402,-0.753598126513,-23.5235597906,0.827989403996,155.378069404,0.0743912774828,131.854509614
437.73748454,-0.75999705582,-23.6203038561,0.821070296196,155.477887465,0.061073240376,131.857583609
439.758664245,-0.766445668135,-23.7173509702,0.814203754741,155.577404573,0.0477580866052,131.860053603
441.789176409,-0.772944274635,-23.814700965,0.8073894625,155.676620437,0.0344451878655,131.861919472
443.829064124,-0.779493187284,-23.9123536581,0.800627103008,155.775534782,0.0211339157246,131.863181124
445.87837068,-0.786092718823,-24.0103088524,0.793916360481,155.874147351,0.00782364165873,131.863838498
447.937139566,-0.792743182748,-24.1085663364,0.787256919836,155.972457897,-0.00548626291222,131.863891561
450.005414474,-0.799444893297,-24.2071258834,0.780648466708,156.070466193,-0.0187964265892,131.863340309
452.083239296,-0.806198165427,-24.3059872518,0.774090687469,156.168172023,-0.0321074779584,131.862184771
454.170658126,-0.813003314801,-24.4051501851,0.767583269244,156.265575189,-0.0454200455563,131.860425004
456.267715264,-0.819860657765,-24.5046144113,0.761125899932,156.362675505,-0.0587347578335,131.858061093
458.374455214,-0.826770511336,-24.6043796433,0.754718268216,156.4594728,-0.0720522431201,131.855093157
460.490922683,-0.833733193175,-24.7044455784,0.748360063586,156.55596692,-0.0853731295897,131.851521342
462.617162587,-0.840749021575,-24.8048118985,0.74205097635,156.652157722,-0.0986980452241,131.847345823
464.753220049,-0.847818315434,-24.9054782695,0.735790697656,156.748045078,-0.112027617778,131.842566809
466.899140399,-0.854941394243,-25.006444342,0.729578919501,156.843628875,-0.125362474743,131.837184533
469.054969177,-0.862118578062,-25.1077097502,0.723415334749,156.938909014,-0.138703243313,131.831199264
471.220752135,-0.869350187496,-25.2092741126,0.717299637148,157.033885408,-0.152050550348,131.824611295
473.396535234,-0.876636543681,-25.3111370313,0.711231521341,157.128557985,-0.165405022339,131.817420953
475.582364648,-0.883977968257,-25.4132980925,0.705210682885,157.222926686,-0.178767285373,131.809628593
477.778286764,-0.891374783352,-25.5157568657,0.699236818258,157.316991466,-0.192137965094,131.8012346
479.984348184,-0.898827311554,-25.6185129042,0.693309624881,157.410752293,-0.205517686673,131.792239389
482.200595724,-0.906335875894,-25.7215657446,0.687428801125,157.504209148,-0.218907074769,131.782643403
484.427076416,-0.913900799821,-25.8249149067,0.681594046327,157.597362025,-0.232306753494,131.772447118
486.663837511,-0.921522407179,-25.9285598939,0.675805060804,157.690210931,-0.245717346375,131.761651037
488.910926477,-0.929201022185,-26.0325001922,0.670061545862,157.782755886,-0.259139476323,131.750255694
491.168391,-0.936936969407,-26.136735271,0.664363203811,157.874996922,-0.272573765596,131.738261651
493.436278989,-0.944730573736,-26.2412645825,0.658709737976,157.966934085,-0.28602083576,131.725669502
495.714638572,-0.952582160366,-26.3460875616,0.653100852711,158.058567431,-0.299481307655,131.712479869
498.0035181,-0.960492054768,-26.4512036261,0.647536253407,158.14989703,-0.312955801361,131.698693404
500.302966146,-0.968460582665,-26.5566121762,0.642015646504,158.240922964,-0.326444936162,131.684310788
502.61303151,-0.976488070009,-26.6623125948,0.636538739504,158.331645326,-0.339949330506,131.669332732
504.933763214,-0.984574842953,-26.7683042472,0.631105240979,158.422064223,-0.353469601974,131.653759976
507.265210509,-0.992721227827,-26.8745864808,0.625714860584,158.512179771,-0.367006367242,131.63759329
509.607422873,-1.00092755111,-26.9811586255,0.620367309065,158.6019921,-0.380560242045,131.620833475
511.960450011,-1.00919413941,-27.0880199932,0.615062298269,158.69150135,-0.394131841142,131.603481357
514.324341859,-1.01752131943,-27.1951698779,0.609799541152,158.780707673,-0.407721778276,131.585537795
516.699148583,-1.02590941794,-27.3026075557,0.604578751795,158.869611232,-0.421330666145,131.567003676
519.084920579,-1.03435876176,-27.4103322843,0.599399645404,158.958212201,-0.434959116361,131.547879917
521.48170848,-1.04286967774,-27.5183433034,0.594261938324,159.046510766,-0.448607739412,131.528167463
523.889563148,-1.05144249268,-27.6266398345,0.589165348048,159.134507123,-0.462277144633,131.507867289
526.308535683,-1.06007753338,-27.7352210805,0.58410959322,159.222201479,-0.475967940161,131.486980399
528.738677419,-1.06877512656,-27.8440862261,0.579094393651,159.309594052,-0.489680732907,131.465507825
531.180039929,-1.07753559883,-27.9532344373,0.574119470318,159.396685068,-0.503416128513,131.443450631
533.632675022,-1.0863592767,-28.0626648617,0.56918454538,159.483474768,-0.517174731319,131.420809906
536.096634748,-1.0952464865,-28.172376628,0.564289342177,159.569963399,-0.530957144328,131.397586771
538.571971397,-1.10419755441,-28.2823688465,0.559433585244,159.65615122,-0.544763969165,131.373782374
541.058737499,-1.11321280636,-28.3926406085,0.554617000313,159.742038501,-0.558595806044,131.349397892
543.556985828,-1.12229256805,-28.5031909863,0.549839314322,159.827625519,-0.572453253732,131.324434533
546.066769401,-1.13143716493,-28.6140190337,0.545100255421,159.912912564,-0.58633690951,131.29889353
548.58814148,-1.14064692211,-28.7251237852,0.540399552976,159.997899933,-0.600247369138,131.272776148
551.121155574,-1.14992216439,-28.8365042563,0.535736937577,160.082587935,-0.614185226816,131.246083679
553.665865438,-1.1592632162,-28.9481594436,0.531112141044,160.166976886,-0.628151075153,131.218817442
556.222325074,-1.16867040155,-29.0600883242,0.52652489643,160.251067112,-0.642145505123,131.190978788
558.790588735,-1.17814404406,-29.1722898563,0.521974938029,160.334858949,-0.656169106035,131.162569093
561.370710925,-1.18768446687,-29.2847629788,0.517462001376,160.418352742,-0.670222465491,131.133589764
563.962746398,-1.19729199261,-29.3975066112,0.51298582326,160.501548844,-0.684306169352,131.104042233
566.566750161,-1.20696694342,-29.5105196539,0.508546141719,160.584447617,-0.698420801703,131.073927963
569.182777477,-1.21670964086,-29.6238009875,0.504142696052,160.667049433,-0.71256694481,131.043248445
571.810883862,-1.22652040591,-29.7373494737,0.499775226818,160.749354669,-0.72674517909,131.012005196
574.45112509,-1.23639955891,-29.8511639542,0.495443475842,160.831363716,-0.740956083071,130.980199762
577.10355719,-1.24634741957,-29.9652432518,0.49114718622,160.913076968,-0.755200233353,130.947833716
579.768236452,-1.2563643069,-30.0795861692,0.486886102318,160.994494831,-0.769478204577,130.914908662
582.445219425,-1.26645053916,-30.1941914901,0.482659969781,161.075617716,-0.783790569383,130.881426226
585.13456292,-1.2766064339,-30.3090579782,0.478468535532,161.156446045,-0.798137898373,130.847388067
587.83632401,-1.28683230785,-30.4241843777,0.474311547776,161.236980246,-0.812520760079,130.812795868
590.55056003,-1.29712847692,-30.5395694135,0.470188756001,161.317220755,-0.826939720921,130.777651342
593.277328581,-1.30749525616,-30.6552117905,0.466099910987,161.397168016,-0.841395345173,130.741956225
596.01668753,-1.31793295972,-30.771110194,0.462044764798,161.47682248,-0.855888194925,130.705712286
598.768695012,-1.32844190084,-30.8872632899,0.458023070793,161.556184606,-0.870418830045,130.668921316
601.533409428,-1.33902239177,-31.0036697242,0.454034583624,161.63525486,-0.884987808146,130.631585136
604.310889452,-1.34967474378,-31.1203281234,0.450079059238,161.714033716,-0.899595684544,130.593705593
607.101194025,-1.3603992671,-31.237237094,0.446156254879,161.792521653,-0.914243012225,130.555284559
609.904382364,-1.3711962709,-31.3543952234,0.442265929089,161.87071916,-0.928930341808,130.516323937
612.720513957,-1.38206606321,-31.4718010788,0.438407841711,161.94862673,-0.943658221503,130.476825651
615.549648566,-1.39300895097,-31.589453208,0.434581753888,162.026244864,-0.958427197084,130.436791656
618.391846232,-1.40402523991,-31.7073501391,0.430787428064,162.10357407,-0.973237811843,130.396223931
621.247167271,-1.41511523454,-31.8254903806,0.427024627985,162.180614862,-0.988090606557,130.355124482
624.115672278,-1.42627923815,-31.9438724215,0.423293118702,162.257367761,-1.00298611945,130.31349534
626.997422128,-1.43751755274,-32.0624947309,0.419592666569,162.333833294,-1.01792488617,130.271338563
629.892477976,-1.44883047895,-32.1813557586,0.415923039242,162.410011993,-1.03290743971,130.228656235
632.80090126,-1.46021831612,-32.3004539348,0.412284005682,162.485904399,-1.04793431044,130.185450464
635.722753704,-1.47168136216,-32.4197876702,0.408675336155,162.561511056,-1.06300602601,130.141723386
638.658097313,-1.48321991356,-32.5393553559,0.405096802228,162.636832516,-1.07812311133,130.09747716
641.60699438,-1.49483426534,-32.6591553636,0.401548176774,162.711869336,-1.09328608856,130.052713972
644.569507487,-1.50652471101,-32.7791860458,0.398029233969,162.786622078,-1.10849547704,130.007436032
647.545699504,-1.51829154256,-32.8994457354,0.394539749289,162.861091311,-1.12375179327,129.961645576
650.53563359,-1.53013505039,-33.0199327462,0.391079499514,162.93527761,-1.13905555087,129.915344864
653.539373197,-1.54205552328,-33.1406453725,0.387648262724,163.009181553,-1.15440726055,129.86853618
656.55698207,-1.55405324836,-33.2615818896,0.384245818298,163.082803724,-1.16980743007,129.821221835
659.588524247,-1.5661285111,-33.3827405536,0.380871946916,163.156144715,-1.18525656419,129.773404162
662.634064065,-1.57828159521,-33.5041196014,0.377526430554,163.22920512,-1.20075516466,129.725085519
665.693666153,-1.59051278266,-33.6257172512,0.374209052483,163.301985539,-1.21630373018,129.676268288
668.767395443,-1.60282235362,-33.7475317019,0.370919597272,163.374486577,-1.23190275635,129.626954875
671.855317165,-1.61521058641,-33.8695611336,0.36765785078,163.446708844,-1.24755273563,129.577147711
674.957496849,-1.6276777575,-33.9918037078,0.364423600159,163.518652955,-1.26325415734,129.526849247
678.074000329,-1.64022414144,-34.1142575671,0.36121663385,163.590319529,-1.27900750759,129.476061962
681.204893744,-1.65285001084,-34.2369208355,0.358036741581,163.66170919,-1.29481326926,129.424788354
684.350243536,-1.66555563633,-34.3597916184,0.354883714368,163.732822566,-1.31067192196,129.373030947
687.510116456,-1.67834128651,-34.4828680029,0.351757344507,163.803660289,-1.32658394201,129.320792286
690.68457956,-1.69120722795,-34.6061480576,0.348657425577,163.874222998,-1.34254980237,129.268074941
693.873700218,-1.7041537251,-34.7296298328,0.345583752435,163.944511333,-1.35856997266,129.214881501
697.077546107,-1.7171810403,-34.8533113607,0.342536121216,164.01452594,-1.37464491908,129.161214579
700.29618522,-1.73028943372,-34.9771906554,0.339514329326,164.084267468,-1.39077510439,129.107076813
703.529685861,-1.74347916334,-35.1012657132,0.336518175444,164.15373657,-1.4069609879,129.052470857
706.778116651,-1.7567504849,-35.2255345123,0.333547459515,164.222933904,-1.42320302539,128.997399392
710.041546527,-1.77010365187,-35.3499950133,0.330601982753,164.291860131,-1.43950166912,128.941865118
713.320044746,-1.78353891541,-35.4746451593,0.327681547631,164.360515916,-1.45585736778,128.885870756
716.613680882,-1.79705652432,-35.5994828757,0.324785957883,164.428901926,-1.47227056644,128.82941905
719.922524834,-1.81065672507,-35.7245060706,0.321915018498,164.497018834,-1.48874170657,128.772512763
723.246646819,-1.82433976166,-35.8497126351,0.319068535719,164.564867314,-1.50527122594,128.715154679
726.586117382,-1.83810587569,-35.9751004429,0.316246317039,164.632448047,-1.52185955865,128.657347604
729.941007393,-1.85195530624,-36.1006673508,0.313448171197,164.699761714,-1.53850713505,128.599094363
733.311388048,-1.8658882899,-36.2264111991,0.310673908174,164.766808999,-1.55521438173,128.5403978
736.697330872,-1.87990506069,-36.352329811,0.30792333919,164.833590592,-1.5719817215,128.481260781
740.098907722,-1.89400585005,-36.4784209934,0.305196276703,164.900107183,-1.58880957335,128.42168619
743.516190784,-1.9081908868,-36.6046825368,0.302492534402,164.966359468,-1.6056983524,128.361676931
746.94925258,-1.9224603971,-36.7311122155,0.299811927202,165.032348143,-1.6226484699,128.301235928
750.398165966,-1.93681460443,-36.8577077877,0.297154271245,165.098073909,-1.63966033319,128.240366121
753.863004133,-1.95125372955,-36.9844669958,0.294519383894,165.163537468,-1.65673434566,128.179070472
757.343840611,-1.96577799046,-37.1113875664,0.291907083725,165.228739527,-1.67387090674,128.11735196
760.84074927,-1.98038760238,-37.2384672105,0.289317190531,165.293680792,-1.69107041185,128.055213582
764.353804321,-1.99508277769,-37.3657036239,0.28674952531,165.358361976,-1.70833325238,127.992658352
767.883080316,-2.00986372595,-37.493094487,0.284203910265,165.422783791,-1.72565981569,127.929689304
771.428652154,-2.02473065382,-37.6206374652,0.2816801688,165.486946952,-1.74305048502,127.866309487
774.990595077,-2.03968376504,-37.7483302093,0.279178125515,165.550852178,-1.76050563953,127.802521969
778.568984677,-2.05472326042,-37.876170355,0.276697606199,165.614500189,-1.77802565422,127.738329834
782.163896893,-2.06984933778,-38.004155524,0.274238437831,165.677891708,-1.79561089995,127.673736184
785.775408016,-2.08506219195,-38.1322833234,0.271800448571,165.741027458,-1.81326174338,127.608744134
789.403594687,-2.10036201469,-38.2605513464,0.269383467757,165.803908166,-1.83097854693,127.54335682
793.048533905,-2.11574899473,-38.3889571724,0.266987325902,165.866534561,-1.84876166883,127.477577389
796.71030302,-2.13122331768,-38.5174983668,0.264611854686,165.928907374,-1.866611463,127.411409007
800.388979743,-2.14678516604,-38.6461724819,0.262256886955,165.991027336,-1.88452827909,127.344854854
804.084642141,-2.16243471914,-38.7749770565,0.259922256714,166.052895181,-1.90251246243,127.277918125
807.797368642,-2.17817215315,-38.9039096166,0.257607799122,166.114511646,-1.92056435403,127.21060203
811.527238038,-2.193997641,-39.0329676751,0.25531335049,166.175877469,-1.93868429051,127.142909794
815.274329483,-2.20991135241,-39.1621487326,0.253038748274,166.236993387,-1.95687260414,127.074844655
819.038722496,-2.22591345383,-39.2914502769,0.250783831069,166.297860143,-1.97512962276,127.006409866
822.820496966,-2.2420041084,-39.4208697842,0.248548438607,166.358478477,-1.9934556698,126.937608693
826.619733147,-2.25818347597,-39.5504047182,0.246332411751,166.418849134,-2.01185106422,126.868444416
830.436511666,-2.27445171304,-39.6800525314,0.244135592488,166.478972859,-2.03031612055,126.798920327
834.270913523,-2.29080897273,-39.8098106644,0.241957823928,166.538850397,-2.0488511488,126.729039733
838.123020089,-2.30725540477,-39.9396765469,0.239798950296,166.598482497,-2.06745645448,126.65880595
841.992913114,-2.3237911555,-40.0696475976,0.237658816927,166.657869908,-2.08613233857,126.58822231
845.880674724,-2.34041636779,-40.1997212241,0.235537270261,166.717013378,-2.10487909753,126.517292154
849.786387423,-2.35713118106,-40.329894824,0.23343415784,166.775913659,-2.12369702322,126.446018835
853.710134099,-2.37393573124,-40.4601657842,0.231349328302,166.834571503,-2.14258640294,126.374405719
857.651998019,-2.39083015076,-40.5905314819,0.229282631372,166.892987664,-2.16154751939,126.302456182
861.612062837,-2.40781456851,-40.7209892845,0.227233917863,166.951162894,-2.18058065065,126.230173609
865.590412592,-2.42488910984,-40.8515365497,0.225203039667,167.009097949,-2.19968607018,126.157561399
869.587131714,-2.44205389653,-40.9821706261,0.22318984975,167.066793584,-2.21886404678,126.084622957
873.602305018,-2.45930904675,-41.1128888535,0.221194202147,167.124250555,-2.2381148446,126.011361702
877.636017714,-2.47665467508,-41.2436885626,0.219215951957,167.181469621,-2.25743872312,125.937781058
881.688355404,-2.49409089246,-41.374567076,0.217254955339,167.238451537,-2.27683593712,125.863884461
885.759404087,-2.51161780619,-41.5055217079,0.215311069505,167.295197064,-2.29630673668,125.789675356
889.849250157,-2.5292355199,-41.6365497646,0.213384152712,167.35170696,-2.31585136719,125.715157195
893.957980407,-2.54694413354,-41.7676485448,0.211474064265,167.407981983,-2.33547006927,125.640333438
898.085682034,-2.56474374335,-41.8988153399,0.2095806645,167.464022895,-2.35516307885,125.565207555
902.232442633,-2.58263444187,-42.030047434,0.207703814791,167.519830456,-2.37493062708,125.489783022
906.398350206,-2.60061631791,-42.1613421044,0.205843377534,167.575405426,-2.39477294037,125.414063321
910.583493162,-2.61868945651,-42.2926966221,0.203999216148,167.630748566,-2.41469024036,125.338051944
914.787960316,-2.63685393898,-42.4241082514,0.202171195067,167.685860638,-2.43468274392,125.261752386
919.011840894,-2.65510984285,-42.5555742511,0.200359179737,167.740742403,-2.45475066311,125.185168152
923.255224536,-2.67345724184,-42.6870918738,0.198563036605,167.795394624,-2.47489420524,125.10830275
927.518201293,-2.6918962059,-42.818658367,0.19678263312,167.849818062,-2.49511357278,125.031159695
931.800861632,-2.71042680116,-42.9502709729,0.195017837725,167.90401348,-2.51540896344,124.953742507
936.10329644,-2.72904908993,-43.081926929,0.193268519851,167.957981639,-2.53578057008,124.87605471
940.425597023,-2.74776313068,-43.213623468,0.19153454991,168.011723302,-2.55622858077,124.798099834
944.767855106,-2.76656897804,-43.3453578185,0.189815799295,168.065239232,-2.57675317875,124.719881413
949.13016284,-2.7854666828,-43.477127205,0.188112140367,168.118530189,-2.59735454243,124.641402984
953.512612801,-2.80445629188,-43.6089288485,0.186423446456,168.171596937,-2.61803284542,124.562668089
957.915297993,-2.82353784833,-43.7407599662,0.184749591853,168.224440237,-2.63878825648,124.483680271
962.338311849,-2.84271139134,-43.8726177725,0.183090451802,168.277060852,-2.65962093954,124.40444308
966.781748232,-2.86197695621,-44.0044994789,0.1814459025,168.329459543,-2.68053105371,124.324960064
971.24570144,-2.88133457434,-44.1364022944,0.179815821086,168.38163707,-2.70151875325,124.245234776
975.730266206,-2.90078427325,-44.2683234257,0.17820008564,168.433594196,-2.72258418761,124.165270771
980.235537701,-2.92032607657,-44.4002600776,0.176598575173,168.485331682,-2.74372750139,124.085071604
984.761611534,-2.93996000401,-44.5322094531,0.175011169627,168.536850287,-2.76494883438,124.004640834
989.308583757,-2.95968607139,-44.6641687541,0.173437749864,168.588150771,-2.78624832152,123.923982017
993.876550865,-2.97950429061,-44.7961351813,0.171878197663,168.639233895,-2.80762609295,123.843098714
998.465609797,-2.99941466969,-44.9281059347,0.170332395717,168.690100418,-2.82908227397,123.761994483
1003.07585794,-3.01941721269,-45.0600782138,0.168800227623,168.740751098,-2.85061698506,123.680672884
1007.70739314,-3.03951191979,-45.192049218,0.167281577878,168.791186694,-2.87223034191,123.599137476
1012.36031368,-3.05969878727,-45.3240161467,0.165776331875,168.841407963,-2.89392245539,123.517391816
1017.03471829,-3.07997780746,-45.4559761998,0.164284375896,168.891415662,-2.91569343157,123.435439462
1021.7307062,-3.10034896882,-45.5879265781,0.162805597109,168.941210548,-2.93754337171,123.35328397
1026.44837704,-3.12081225588,-45.7198644831,0.161339883559,168.990793377,-2.95947237232,123.270928894
1031.18783094,-3.14136764927,-45.851787118,0.159887124163,169.040164904,-2.98148052511,123.188377786
1035.94916847,-3.16201512572,-45.9836916872,0.158447208709,169.089325883,-3.00356791701,123.105634196
1040.73249069,-3.18275465805,-46.1155753974,0.157020027845,169.138277068,-3.02573463021,123.022701671
1045.53789909,-3.20358621521,-46.2474354573,0.155605473077,169.187019213,-3.04798074213,122.939583755
1050.36549567,-3.22450976225,-46.3792690781,0.154203436762,169.235553068,-3.07030632548,122.85628399
1055.21538287,-3.24552526032,-46.5110734739,0.152813812103,169.283879386,-3.09271144822,122.772805912
1060.08766361,-3.26663266673,-46.6428458618,0.151436493145,169.331998918,-3.11519617358,122.689153056
1064.9824413,-3.28783193489,-46.7745834624,0.150071374766,169.379912412,-3.13776056012,122.605328949
1069.8998198,-3.30912301437,-46.9062834998,0.148718352677,169.427620617,-3.16040466169,122.521337118
1074.83990347,-3.33050585088,-47.0379432022,0.147377323411,169.475124282,-3.18312852747,122.43718108
1079.80279716,-3.35198038629,-47.1695598021,0.146048184323,169.522424154,-3.20593220197,122.352864352
1084.78860618,-3.37354655863,-47.3011305364,0.144730833579,169.569520977,-3.22881572505,122.268390441
1089.79743634,-3.39520430212,-47.4326526469,0.143425170155,169.616415498,-3.25177913196,122.183762851
1094.82939394,-3.41695354715,-47.5641233805,0.142131093832,169.663108459,-3.27482245332,122.098985079
1099.88458576,-3.43879422033,-47.6955399896,0.140848505187,169.709600604,-3.29794571514,122.014060615
1104.96311908,-3.46072624447,-47.8268997323,0.13957730559,169.755892675,-3.32114893888,121.928992943
1110.06510168,-3.48274953862,-47.9581998723,0.138317397199,169.801985412,-3.34443214142,121.84378554
1115.19064184,-3.50486401805,-48.0894376801,0.137068682956,169.847879554,-3.36779533509,121.758441874
1120.33984832,-3.52706959428,-48.2206104324,0.135831066577,169.893575841,-3.39123852771,121.672965408
1125.5128304,-3.54936617513,-48.3517154127,0.134604452552,169.939075009,-3.41476172258,121.587359596
1130.70969786,-3.57175366468,-48.4827499117,0.133388746137,169.984377794,-3.43836491854,121.501627882
1135.93056099,-3.59423196331,-48.6137112275,0.13218385335,170.029484931,-3.46204810995,121.415773703
1141.17553058,-3.61680096771,-48.7445966656,0.130989680965,170.074397154,-3.48581128674,121.329800488
1146.44471795,-3.63946057092,-48.8754035395,0.129806136507,170.119115195,-3.50965443441,121.243711655
1151.7382349,-3.66221066232,-49.0061291711,0.128633128248,170.163639785,-3.53357753407,121.157510614
1157.05619379,-3.68505112766,-49.1367708904,0.1274705652,170.207971654,-3.55758056246,121.071200763
1162.39870746,-3.70798184908,-49.2673260363,0.126318357112,170.25211153,-3.58166349197,120.984785494
1167.7658893,-3.73100270513,-49.3977919565,0.125176414462,170.296060141,-3.60582629067,120.898268184
1173.1578532,-3.75411357078,-49.5281660081,0.124044648457,170.339818212,-3.63006892232,120.811652204
1178.57471359,-3.77731431745,-49.6584455575,0.122922971021,170.383386468,-3.65439134643,120.72494091
1184.01658544,-3.80060481304,-49.788627981,0.121811294796,170.426765632,-3.67879351824,120.638137651
1189.48358421,-3.82398492192,-49.9187106647,0.120709533136,170.469956425,-3.70327538878,120.55124576
1194.97582594,-3.84745450498,-50.048691005,0.119617600098,170.512959568,-3.72783690488,120.464268563
1200.49342718,-3.87101341966,-50.178566409,0.118535410441,170.555775779,-3.75247800922,120.37720937
1206.03650502,-3.89466151994,-50.3083342941,0.11746287962,170.598405777,-3.77719864032,120.290071483
1211.6051771,-3.91839865638,-50.437992089,0.116399923781,170.640850276,-3.8019987326,120.202858187
1217.19956159,-3.94222467617,-50.5675372334,0.115346459757,170.683109991,-3.82687821641,120.115572758
1222.81977722,-3.9661394231,-50.6969671787,0.114302405061,170.725185635,-3.85183701804,120.028218457
1228.46594325,-3.99014273763,-50.8262793877,0.113267677883,170.76707792,-3.87687505975,119.940798532
1234.13817951,-4.01423445692,-50.9554713352,0.112242197083,170.808787555,-3.90199225983,119.85331622
1239.83660637,-4.03841441479,-51.0845405083,0.111225882192,170.850315249,-3.9271885326,119.765774741
1245.56134477,-4.06268244184,-51.2134844062,0.110218653398,170.891661708,-3.95246378845,119.678177302
1251.31251619,-4.08703836541,-51.3423005408,0.109220431549,170.932827638,-3.97781793386,119.590527097
1257.09024269,-4.11148200963,-51.4709864368,0.108231138145,170.973813742,-4.00325087148,119.502827305
1262.89464687,-4.13601319544,-51.599539632,0.107250695334,171.014620722,-4.0287625001,119.41508109
1268.72585191,-4.16063174062,-51.7279576773,0.106279025907,171.055249278,-4.05435271472,119.327291601
1274.58398158,-4.18533745985,-51.8562381371,0.105316053293,171.09570011,-4.08002140656,119.239461973
1280.46916018,-4.21013016468,-51.9843785895,0.104361701554,171.135973915,-4.10576846313,119.151595325
1286.3815126,-4.23500966361,-52.1123766263,0.103415895383,171.176071388,-4.13159376823,119.063694761
1292.32116433,-4.25997576209,-52.2402298536,0.102478560097,171.215993222,-4.15749720199,118.975763368
1298.2882414,-4.28502826255,-52.3679358915,0.101549621632,171.25574011,-4.18347864092,118.887804219
1304.28287046,-4.31016696447,-52.4954923747,0.100629006539,171.295312743,-4.20953795793,118.799820369
1310.30517872,-4.33539166436,-52.6228969524,0.0997166419828,171.334711809,-4.23567502238,118.711814857
1316.35529398,-4.36070215581,-52.7501472889,0.0988124557309,171.373937996,-4.26188970008,118.623790707
1322.43334463,-4.38609822955,-52.8772410632,0.0979163761546,171.412991988,-4.28818185339,118.535750925
1328.53945967,-4.41157967342,-53.0041759697,0.0970283322222,171.451874469,-4.3145513412,118.4476985
1334.67376867,-4.43714627246,-53.1309497179,0.0961482534949,171.490586122,-4.34099801896,118.359636404
1340.83640182,-4.46279780892,-53.2575600332,0.0952760701223,171.529127626,-4.3675217388,118.271567593
1347.0274899,-4.48853406229,-53.3840046565,0.0944117128382,171.56749966,-4.39412234945,118.183495003
1353.2471643,-4.51435480933,-53.5102813445,0.093555112956,171.6057029,-4.42079969637,118.095421555
1359.495557,-4.54025982411,-53.6363878701,0.0927062023645,171.643738021,-4.44755362175,118.007350151
1365.77280061,-4.56624887807,-53.7623220224,0.0918649135237,171.681605697,-4.47438396454,117.919283675
1372.07902835,-4.59232173998,-53.8880816067,0.0910311794601,171.719306598,-4.50129056052,117.831224992
1378.41437404,-4.61847817605,-54.013664445,0.0902049337628,171.756841395,-4.52827324228,117.74317695
1384.77897212,-4.64471794993,-54.1390683757,0.089386110579,171.794210754,-4.55533183935,117.655142378
1391.17295768,-4.67104082275,-54.2642912543,0.08857464461,171.831415342,-4.58246617814,117.567124088
1397.5964664,-4.69744655316,-54.3893309531,0.0877704711066,171.868455823,-4.60967608205,117.47912487
1404.04963459,-4.72393489734,-54.5141853615,0.0869735258654,171.905332858,-4.63696137147,117.391147497
1410.53259922,-4.75050560906,-54.638852386,0.0861837452244,171.942047109,-4.66432186384,117.303194723
1417.04549784,-4.77715843972,-54.7633299506,0.0854010660587,171.978599234,-4.69175737366,117.215269284
1423.58846869,-4.80389313837,-54.8876159967,0.0846254257767,172.01498989,-4.7192677126,117.127373893
1430.16165062,-4.83070945175,-55.0117084834,0.0838567623157,172.05121973,-4.74685268944,117.039511247
1436.76518311,-4.85760712431,-55.1356053873,0.0830950141382,172.087289409,-4.77451211018,116.951684022
1443.39920631,-4.88458589829,-55.2593047031,0.0823401202275,172.123199578,-4.80224577806,116.863894875
1450.06386101,-4.9116455137,-55.3828044432,0.0815920200839,172.158950885,-4.83005349362,116.776146442
1456.75928863,-4.9387857084,-55.5061026383,0.0808506537206,172.194543978,-4.85793505468,116.68844134
1463.48563127,-4.96600621812,-55.6291973369,0.0801159616598,172.229979503,-4.88589025646,116.600782166
1470.24303168,-4.99330677648,-55.7520866062,0.0793878849287,172.265258103,-4.91391889155,116.513171496
1477.03163325,-5.02068711505,-55.8747685315,0.0786663650556,172.300380419,-4.94202075,116.425611888
1483.85158006,-5.0481469634,-55.9972412166,0.0779513440659,172.335347092,-4.97019561934,116.338105875
1490.70301684,-5.07568604909,-56.1195027837,0.0772427644786,172.370158759,-4.99844328461,116.250655976
1497.58608897,-5.10330409774,-56.241551374,0.0765405693018,172.404816057,-5.02676352843,116.163264683
1504.50094255,-5.13100083305,-56.363385147,0.0758447020296,172.439319619,-5.05515613102,116.075934472
1511.4477243,-5.15877597686,-56.4850022813,0.0751551066376,172.473670077,-5.08362087022,115.988667796
1518.42658166,-5.18662924917,-56.6064009741,0.0744717275797,172.507868063,-5.11215752159,115.901467088
1525.43766272,-5.21456036817,-56.7275794419,0.0737945097841,172.541914203,-5.14076585839,115.814334761
1532.48111629,-5.24256905029,-56.8485359198,0.0731233986493,172.575809124,-5.16944565164,115.727273204
1539.55709182,-5.27065501024,-56.9692686623,0.0724583400411,172.609553451,-5.1981966702,115.640284789
1546.66573949,-5.29881796103,-57.0897759429,0.0717992802879,172.643147807,-5.22701868074,115.553371864
1553.80721015,-5.32705761402,-57.2100560543,0.0711461661782,172.676592811,-5.25591144784,115.466536756
1560.98165535,-5.35537367894,-57.3301073084,0.070498944956,172.709889082,-5.28487473399,115.379781774
1568.18922736,-5.38376586397,-57.4499280366,0.0698575643176,172.743037238,-5.31390829966,115.293109201
1575.43007913,-5.41223387572,-57.5695165894,0.069221972408,172.776037892,-5.34301190331,115.206521302
1582.70436433,-5.44077741931,-57.6888713369,0.0685921178174,172.808891657,-5.37218530149,115.12002032
1590.01223731,-5.46939619836,-57.8079906685,0.0679679495774,172.841599145,-5.40142824878,115.033608476
1597.35385319,-5.4980899151,-57.9268729931,0.0673494171578,172.874160964,-5.43074049794,114.94728797
1604.72936774,-5.52685827033,-58.0455167392,0.0667364704626,172.90657772,-5.46012179987,114.861060981
1612.13893751,-5.5557009635,-58.1639203546,0.0661290598272,172.93885002,-5.48957190368,114.774929665
1619.58271972,-5.58461769275,-58.2820823071,0.0655271360144,172.970978465,-5.51909055673,114.688896158
1627.06087235,-5.61360815489,-58.4000010836,0.0649306502112,173.002963658,-5.54867750468,114.602962574
1634.57355411,-5.64267204553,-58.5176751909,0.0643395540255,173.034806196,-5.57833249151,114.517131005
1642.12092442,-5.67180905903,-58.6351031554,0.0637537994824,173.066506677,-5.60805525955,114.431403521
1649.70314345,-5.70101888858,-58.7522835231,0.0631733390211,173.098065696,-5.63784554956,114.345782173
1657.32037211,-5.73030122623,-58.8692148596,0.0625981254915,173.129483846,-5.66770310074,114.260268987
1664.97277205,-5.75965576292,-58.9858957502,0.0620281121508,173.160761719,-5.69762765077,114.174865969
1672.66050566,-5.7890821885,-59.1023247999,0.0614632526602,173.191899903,-5.72761893584,114.089575103
1680.38373611,-5.81858019181,-59.2185006335,0.060903501082,173.222898986,-5.75767669072,114.004398353
1688.14262728,-5.84814946066,-59.3344218951,0.0603488118756,173.253759553,-5.78780064879,113.919337658
1695.93734383,-5.87778968193,-59.4500872487,0.0597991398952,173.284482188,-5.81799054204,113.834394939
1703.76805119,-5.90750054153,-59.5654953781,0.0592544403858,173.315067471,-5.84824610114,113.749572093
1711.63491552,-5.93728172449,-59.6806449864,0.0587146689804,173.345515982,-5.87856705551,113.664870995
1719.53810379,-5.96713291498,-59.7955347966,0.0581797816968,173.375828298,-5.90895313328,113.580293502
1727.47778371,-5.99705379633,-59.9101635512,0.0576497349346,173.406004996,-5.9394040614,113.495841445
1735.45412378,-6.02704405109,-60.0245300123,0.0571244854716,173.436046647,-5.96991956562,113.411516635
1743.46729327,-6.05710336104,-60.1386329616,0.0566039904613,173.465953825,-6.00049937058,113.327320863
1751.51746222,-6.08723140723,-60.2524712003,0.0560882074296,173.495727097,-6.0311431998,113.243255897
1759.60480149,-6.11742787003,-60.3660435492,0.0555770942714,173.525367032,-6.06185077576,113.159323483
1767.72948269,-6.14769242915,-60.4793488485,0.0550706092482,173.554874196,-6.0926218199,113.075525347
1775.89167826,-6.17802476366,-60.5923859579,0.0545687109845,173.584249151,-6.12345605268,112.991863193
1784.09156139,-6.20842455205,-60.7051537566,0.0540713584655,173.61349246,-6.15435319358,112.908338703
1792.32930612,-6.23889147224,-60.817651143,0.0535785110333,173.642604682,-6.18531296121,112.824953539
1800.60508726,-6.26942520163,-60.9298770349,0.0530901283846,173.671586374,-6.21633507325,112.741709339
1808.91908043,-6.30002541713,-61.0418303696,0.0526061705675,173.700438093,-6.24741924656,112.658607724
1817.27146208,-6.33069179517,-61.1535101034,0.0521265979787,173.729160393,-6.2785651972,112.57565029
1825.66240946,-6.36142401177,-61.2649152118,0.0516513713606,173.757753825,-6.30977264041,112.492838613
1834.09210063,-6.39222174252,-61.3760446897,0.0511804517984,173.786218938,-6.34104129072,112.410174248
1842.56071449,-6.42308466267,-61.4868975509,0.0507138007173,173.814556281,-6.37237086196,112.32765873
1851.06843077,-6.45401244713,-61.5974728282,0.0502513798795,173.8427664,-6.40376106725,112.245293572
1859.61543,-6.48500477048,-61.7077695736,0.0497931513818,173.870849839,-6.4352116191,112.163080265
1868.20189357,-6.51606130705,-61.8177868577,0.0493390776525,173.898807139,-6.4667222294,112.081020282
1876.82800371,-6.54718173091,-61.9275237703,0.0488891214488,173.926638841,-6.49829260946,111.999115071
1885.49394346,-6.57836571591,-62.0369794199,0.048443245854,173.954345483,-6.52992247006,111.917366063
1894.19989675,-6.60961293574,-62.1461529335,0.0480014142746,173.981927601,-6.56161152146,111.835774667
1902.94604832,-6.6409230639,-62.255043457,0.0475635904379,174.009385729,-6.59335947346,111.754342272
1911.73258378,-6.67229577378,-62.363650155,0.0471297383895,174.036720399,-6.62516603539,111.673070244
1920.55968961,-6.70373073868,-62.4719722102,0.0466998224898,174.063932142,-6.65703091619,111.591959932
1929.42755312,-6.73522763181,-62.5800088241,0.0462738074125,174.091021486,-6.68895382439,111.511012662
1938.33636251,-6.76678612635,-62.6877592164,0.0458516581409,174.117988958,-6.7209344682,111.430229742
1947.28630683,-6.79840589546,-62.7952226252,0.0454333399662,174.144835082,-6.75297255549,111.349612457
1956.27757604,-6.83008661232,-62.9023983067,0.0450188184844,174.171560381,-6.78506779384,111.269162074
1965.31036092,-6.86182795016,-63.0092855352,0.0446080595937,174.198165374,-6.81721989057,111.188879839
1974.38485318,-6.89362958227,-63.1158836032,0.0442010294925,174.224650582,-6.84942855277,111.108766979
1983.50124539,-6.92549118201,-63.222191821,0.0437976946762,174.251016521,-6.88169348734,111.0288247
1992.65973102,-6.95741242292,-63.3282095168,0.0433980219352,174.277263705,-6.91401440098,110.949054188
2001.86050442,-6.98939297863,-63.4339360365,0.0430019783521,174.303392648,-6.94639100028,110.869456611
2011.10376086,-7.02143252299,-63.5393707439,0.0426095312994,174.32940386,-6.97882299169,110.790033116
2020.3896965,-7.05353073001,-63.6445130202,0.0422206484372,174.355297851,-7.01131008158,110.710784831
2029.71850839,-7.08568727396,-63.7493622642,0.0418352977104,174.381075128,-7.04385197625,110.631712864
2039.09039451,-7.11790182934,-63.8539178919,0.0414534473466,174.406736196,-7.076448382,110.552818304
2048.50555374,-7.15017407094,-63.9581793368,0.0410750658536,174.432281559,-7.10909900508,110.474102222
2057.96418591,-7.18250367382,-64.0621460496,0.040700122017,174.457711718,-7.1418035518,110.395565669
2067.46649172,-7.21489031339,-64.165817498,0.0403285848978,174.483027173,-7.1745617285,110.317209675
2077.01267285,-7.24733366542,-64.2691931667,0.0399604238305,174.508228421,-7.20737324158,110.239035254
2086.60293187,-7.279833406,-64.3722725575,0.03959560842,174.533315958,-7.24023779758,110.161043401
2096.23747232,-7.31238921167,-64.4750551887,0.03923410854,174.558290279,-7.27315510313,110.08323509
2105.91649864,-7.34500075935,-64.5775405954,0.0388758943304,174.583151875,-7.30612486502,110.005611279
2115.64021625,-7.37766772641,-64.6797283294,0.0385209361951,174.607901236,-7.33914679021,109.928172906
2125.4088315,-7.41038979068,-64.7816179589,0.0381692047998,174.63253885,-7.37222058588,109.850920892
2135.2225517,-7.44316663048,-64.8832090683,0.0378206710695,174.657065205,-7.40534595941,109.773856137
2145.08158511,-7.47599792463,-64.9845012586,0.0374753061869,174.681480784,-7.43852261844,109.696979526
2154.98614097,-7.50888335247,-65.0854941466,0.0371330815895,174.705786071,-7.47175027088,109.620291924
2164.93642945,-7.54182259389,-65.1861873653,0.0367939689679,174.729981546,-7.50502862493,109.54379418
2174.93266173,-7.57481532936,-65.2865805637,0.0364579402634,174.754067687,-7.5383573891,109.467487124
2184.97504994,-7.60786123991,-65.3866734064,0.0361249676659,174.778044973,-7.57173627225,109.391371567
2195.06380721,-7.6409600072,-65.4864655738,0.0357950236121,174.801913878,-7.60516498359,109.315448304
2205.19914762,-7.67411131352,-65.5859567619,0.0354680807829,174.825674876,-7.63864323274,109.239718114
2215.38128628,-7.70731484178,-65.6851466821,0.0351441121014,174.849328438,-7.67217072968,109.164181756
2225.61043925,-7.74057027558,-65.7840350612,0.0348230907312,174.872875034,-7.70574718485,109.088839973
2235.88682364,-7.7738772992,-65.8826216412,0.034504990074,174.896315132,-7.73937230912,109.013693491
2246.21065751,-7.80723559761,-65.9809061793,0.0341897837676,174.919649198,-7.77304581384,108.938743019
2256.58215996,-7.84064485651,-66.0788884474,0.0338774456839,174.942877697,-7.80676741082,108.863989249
2267.00155109,-7.87410476233,-66.1765682325,0.033567949927,174.96600109,-7.84053681241,108.789432857
2277.46905202,-7.90761500228,-66.2739453364,0.0332612708311,174.989019838,-7.87435373145,108.715074501
2287.98488488,-7.94117526431,-66.3710195754,0.0329573829584,175.0119344,-7.90821788135,108.640914824
2298.54927285,-7.97478523718,-66.4677907802,0.0326562610976,175.034745233,-7.94212897608,108.566954452
2309.16244011,-8.00844461044,-66.5642587962,0.0323578802612,175.057452792,-7.97608673018,108.493193995
2319.8246119,-8.04215307448,-66.6604234828,0.0320622156844,175.08005753,-8.01009085879,108.419634047
2330.53601449,-8.07591032051,-66.7562847135,0.0317692428225,175.1025599,-8.04414107769,108.346275186
2341.29687519,-8.10971604061,-66.851842376,0.0314789373493,175.12496035,-8.07823710326,108.273117974
2352.10742236,-8.14356992772,-66.9470963718,0.0311912751555,175.147259329,-8.11237865256,108.200162957
2362.96788543,-8.17747167565,-67.0420466162,0.0309062323461,175.169457283,-8.14656544331,108.127410667
2373.87849487,-8.21142097915,-67.1366930381,0.0306237852393,175.191554657,-8.18079719391,108.054861619
2384.83948224,-8.24541753382,-67.2310355798,0.0303439103642,175.213551893,-8.21507362346,107.982516313
2395.85108012,-8.27946103625,-67.3250741972,0.0300665844591,175.235449431,-8.24939445179,107.910375234
2406.91352223,-8.31355118392,-67.4188088594,0.0297917844697,175.257247712,-8.28375939945,107.838438852
2418.02704331,-8.34768767529,-67.5122395486,0.0295194875474,175.278947172,-8.31816818775,107.766707623
2429.19187921,-8.38187020979,-67.6053662599,0.0292496710474,175.300548247,-8.35262053874,107.695181987
2440.40826689,-8.41609848781,-67.6981890015,0.0289823125267,175.322051371,-8.38711617529,107.623862369
2451.67644435,-8.45037221075,-67.7907077943,0.028717389743,175.343456975,-8.42165482101,107.552749181
2462.99665075,-8.48469108101,-67.8829226716,0.0284548806523,175.364765492,-8.45623620035,107.48184282
2474.36912631,-8.51905480199,-67.9748336797,0.0281947634076,175.385977348,-8.49086003858,107.411143668
2485.79411237,-8.55346307813,-68.0664408767,0.0279370163568,175.407092971,-8.52552606178,107.340652094
2497.2718514,-8.58791561493,-68.1577443335,0.0276816180416,175.428112786,-8.56023399689,107.270368452
2508.80258696,-8.62241211891,-68.2487441326,0.0274285471951,175.449037216,-8.59498357172,107.200293084
2520.38656378,-8.65695229767,-68.3394403689,0.0271777827407,175.469866684,-8.62977451493,107.130426315
2532.02402767,-8.69153585987,-68.4298331491,0.0269293037901,175.490601609,-8.66460655608,107.06076846
2543.71522561,-8.72616251525,-68.5199225914,0.026683089642,175.511242409,-8.69947942561,106.991319818
2555.4604057,-8.76083197466,-68.609708826,0.0264391197801,175.531789502,-8.73439285488,106.922080676
2567.2598172,-8.79554395005,-68.6991919943,0.0261973738716,175.552243301,-8.76934657618,106.853051307
2579.11371051,-8.83029815446,-68.7883722492,0.0259578317658,175.572604221,-8.80434032269,106.784231972
2591.02233719,-8.86509430206,-68.8772497548,0.0257204734923,175.592872672,-8.83937382857,106.715622918
2602.98594997,-8.89993210818,-68.9658246863,0.0254852792595,175.613049066,-8.87444682892,106.647224379
2615.00480272,-8.93481128924,-69.0540972301,0.025252229453,175.633133808,-8.90955905979,106.579036578
2627.07915053,-8.96973156284,-69.1420675831,0.0250213046342,175.653127308,-8.9447102582,106.511059724
2639.20924961,-9.00469264772,-69.2297359532,0.0247924855385,175.673029968,-8.97990016219,106.443294015
2651.39535741,-9.0396942638,-69.3171025589,0.0245657530739,175.692842192,-9.01512851073,106.375739633
2663.63773252,-9.07473613216,-69.4041676291,0.0243410883198,175.712564382,-9.05039504384,106.308396753
2675.93663475,-9.10981797504,-69.4909314032,0.0241184725247,175.732196938,-9.08569950252,106.241265535
2688.29232511,-9.14493951591,-69.5773941307,0.0238978871058,175.751740257,-9.1210416288,106.174346127
2700.7050658,-9.18010047939,-69.6635560714,0.0236793136467,175.771194737,-9.15642116574,106.107638666
2713.17512025,-9.21530059131,-69.7494174948,0.023462733896,175.790560772,-9.19183785742,106.041143278
2725.7027531,-9.25053957873,-69.8349786805,0.0232481297663,175.809838756,-9.22729144897,105.974860075
2738.28823019,-9.2858171699,-69.920239918,0.0230354833326,175.82902908,-9.26278168656,105.908789162
2750.93181863,-9.32113309428,-70.0052015061,0.0228247768305,175.848132134,-9.29830831745,105.842930627
2763.63378672,-9.35648708258,-70.0898637533,0.0226159926553,175.867148306,-9.33387108992,105.777284553
2776.39440402,-9.39187886671,-70.1742269774,0.0224091133603,175.886077984,-9.36946975335,105.711851007
2789.21394135,-9.42730817985,-70.2582915055,0.0222041216554,175.904921553,-9.40510405819,105.646630047
2802.09267075,-9.46277475638,-70.342057674,0.022001000406,175.923679395,-9.44077375597,105.581621721
2815.03086552,-9.49827833195,-70.4255258281,0.0217997326312,175.942351894,-9.47647859932,105.516826066
2828.02880026,-9.53381864347,-70.5086963221,0.021600301503,175.96093943,-9.51221834196,105.452243108
2841.08675078,-9.56939542907,-70.5915695188,0.0214026903444,175.979442381,-9.54799273872,105.387872862
2854.20499421,-9.60500842816,-70.67414579,0.0212068826284,175.997861124,-9.58380154553,105.323715334
2867.38380893,-9.64065738141,-70.756425516,0.0210128619766,176.016196036,-9.61964451943,105.25977052
2880.62347464,-9.67634203075,-70.8384090853,0.0208206121579,176.03444749,-9.65552141859,105.196038405
2893.92427228,-9.71206211939,-70.9200968949,0.0206301170871,176.052615859,-9.69143200231,105.132518964
2907.28648414,-9.74781739181,-71.00148935,0.0204413608238,176.070701514,-9.72737603099,105.069212164
2920.71039378,-9.78360759376,-71.0825868639,0.020254327571,176.088704824,-9.76335326619,105.00611796
2934.19628607,-9.81943247228,-71.1633898578,0.0200690016739,176.106626157,-9.7993634706,104.943236299
2947.74444723,-9.85529177567,-71.2438987609,0.0198853676184,176.124465879,-9.83540640805,104.880567119
2961.35516475,-9.89118525354,-71.32411401,0.0197034100305,176.142224356,-9.87148184351,104.818110346
2975.02872749,-9.92711265677,-71.4040360495,0.0195231136741,176.15990195,-9.9075895431,104.7558659
2988.76542562,-9.96307373756,-71.4836653315,0.0193444634507,176.177499023,-9.94372927411,104.693833691
3002.56555065,-9.99906824935,-71.5630023153,0.0191674443976,176.195015935,-9.97990080495,104.632013619
3016.42939546,-10.0350959469,-71.6420474678,0.0189920416869,176.212453044,-10.0161039052,104.570405577
3030.35725426,-10.0711565863,-71.7208012627,0.0188182406245,176.229810709,-10.0523383457,104.509009446
3044.34942262,-10.1072499249,-71.799264181,0.0186460266483,176.247089284,-10.0886038983,104.447825103
3058.40619748,-10.1433757214,-71.8774367108,0.0184753853279,176.264289124,-10.1249003361,104.386852413
3072.52787714,-10.1795337356,-71.9553193467,0.0183063023627,176.281410581,-10.1612274333,104.326091235
3086.71476131,-10.2157237289,-72.0329125904,0.0181387635811,176.298454007,-10.1975849653,104.265541416
3100.96715104,-10.2519454638,-72.11021695,0.0179727549393,176.31541975,-10.2339727089,104.2052028
3115.2853488,-10.2881987042,-72.1872329403,0.0178082625202,176.33230816,-10.2703904417,104.14507522
3129.66965844,-10.3244832152,-72.2639610824,0.0176452725321,176.349119583,-10.3068379427,104.0851585
3144.12038524,-10.3607987634,-72.3404019038,0.0174837713079,176.365854363,-10.343314992,104.025452459
3158.63783585,-10.3971451163,-72.4165559383,0.0173237453036,176.382512845,-10.379821371,103.965956907
3173.22231836,-10.4335220433,-72.4924237256,0.0171651810977,176.399095372,-10.4163568622,103.906671646
3187.87414228,-10.4699293145,-72.5680058117,0.0170080653895,176.415602283,-10.4529212491,103.847596471
3202.59361856,-10.5063667017,-72.6433027482,0.0168523849986,176.432033918,-10.4895143167,103.78873117
3217.38105955,-10.542833978,-72.7183150927,0.0166981268636,176.448390615,-10.5261358511,103.730075522
3232.23677909,-10.5793309175,-72.7930434087,0.0165452780409,176.464672711,-10.5627856394,103.671629302
3247.16109242,-10.6158572958,-72.8674882648,0.0163938257038,176.48088054,-10.5994634701,103.613392275
3262.15431628,-10.6524128899,-72.9416502356,0.0162437571416,176.497014436,-10.6361691328,103.5553642
3277.21676885,-10.688997478,-73.0155299009,0.0160950597583,176.513074731,-10.6729024182,103.49754483
3292.34876978,-10.7256108394,-73.0891278459,0.0159477210717,176.529061757,-10.7096631184,103.439933911
3307.55064019,-10.7622527551,-73.1624446608,0.0158017287125,176.544975841,-10.7464510264,103.382531181
3322.8227027,-10.7989230072,-73.2354809413,0.0156570704229,176.560817313,-10.7832659367,103.325336372
3338.1652814,-10.8356213789,-73.3082372877,0.0155137340563,176.576586499,-10.8201076448,103.268349211
3353.5787019,-10.872347655,-73.3807143057,0.0153717075755,176.592283723,-10.8569759474,103.211569417
3369.0632913,-10.9091016214,-73.4529126054,0.0152309790524,176.60790931,-10.8938706424,103.154996705
3384.61937819,-10.9458830655,-73.5248328019,0.0150915366666,176.623463581,-10.9307915288,103.09863078
3400.24729272,-10.9826917757,-73.5964755149,0.0149533687047,176.638946859,-10.967738407,103.042471344
3415.94736654,-11.0195275419,-73.6678413686,0.0148164635591,176.654359461,-11.0047110783,102.986518092
3431.71993282,-11.0563901552,-73.7389309919,0.0146808097274,176.669701707,-11.0417093455,102.930770715
3447.5653263,-11.0932794081,-73.8097450178,0.014546395811,176.684973913,-11.0787330123,102.875228895
3463.48388323,-11.1301950942,-73.8802840838,0.0144132105147,176.700176395,-11.1157818837,102.819892311
3479.47594143,-11.1671370085,-73.9505488314,0.0142812426453,176.715309466,-11.1528557658,102.764760634
3495.5418403,-11.2041049472,-74.0205399064,0.014150481111,176.73037344,-11.1899544661,102.709833533
3511.68192077,-11.2410987079,-74.0902579586,0.0140209149203,176.745368627,-11.2270777929,102.655110668
3527.89652536,-11.2781180893,-74.1597036417,0.0138925331813,176.760295338,-11.2642255561,102.600591696
3544.18599818,-11.3151628915,-74.2288776133,0.0137653251007,176.775153881,-11.3013975664,102.546276268
3560.55068492,-11.3522329158,-74.2977805346,0.0136392799828,176.789944565,-11.3385936358,102.49216403
3576.99093287,-11.3893279648,-74.3664130709,0.0135143872289,176.804667694,-11.3758135776,102.438254623
3593.50709092,-11.4264478423,-74.4347758907,0.0133906363363,176.819323573,-11.413057206,102.384547682
3610.09950956,-11.4635923535,-74.5028696661,0.0132680168973,176.833912506,-11.4503243366,102.33104284
3626.76854093,-11.5007613047,-74.570695073,0.0131465185985,176.848434795,-11.4876147861,102.277739722
3643.51453877,-11.5379545034,-74.6382527902,0.01302613122,176.86289074,-11.5249283722,102.22463795
3660.33785845,-11.5751717586,-74.7055435,0.0129068446344,176.877280642,-11.562264914,102.171737142
3677.238857,-11.6124128803,-74.7725678879,0.0127886488063,176.891604797,-11.5996242315,102.119036909
3694.21789309,-11.6496776799,-74.8393266426,0.012671533791,176.905863503,-11.6370061461,102.066536861
3711.27532704,-11.6869659698,-74.9058204557,0.012555489734,176.920057056,-11.6744104801,102.0142366
3728.41152084,-11.724277564,-74.9720500219,0.0124405068701,176.934185749,-11.7118370571,101.962135727
3745.62683816,-11.7616122774,-75.0380160387,0.0123265755228,176.948249876,-11.7492857019,101.910233837
3762.92164432,-11.7989699263,-75.1037192065,0.0122136861031,176.962249728,-11.7867562402,101.858530522
3780.29630637,-11.8363503281,-75.1691602284,0.0121018291091,176.976185596,-11.824248499,101.807025368
3797.75119301,-11.8737533015,-75.2343398102,0.011990995125,176.990057769,-11.8617623064,101.755717959
3815.28667468,-11.9111786665,-75.2992586604,0.0118811748204,177.003866534,-11.8992974917,101.704607874
3832.9031235,-11.9486262441,-75.3639174899,0.0117723589497,177.017612179,-11.9368538851,101.653694689
3850.60091333,-11.9860958566,-75.4283170121,0.0116645383507,177.031294989,-11.9744313182,101.602977977
3868.38041975,-12.0235873275,-75.4924579427,0.011557703945,177.044915247,-12.0120296236,101.552457304
3886.24202007,-12.0611004816,-75.5563409999,0.0114518467359,177.058473237,-12.0496486349,101.502132237
3904.18609335,-12.0986351447,-75.6199669041,0.0113469578088,177.071969241,-12.0872881869,101.452002337
3922.21302039,-12.1361911439,-75.6833363778,0.0112430283297,177.085403538,-12.1249481156,101.402067161
3940.32318375,-12.1737683075,-75.7464501457,0.0111400495451,177.098776409,-12.162628258,101.352326263
3958.51696776,-12.2113664649,-75.8093089344,0.0110380127806,177.112088131,-12.2003284521,101.302779196
3976.79475854,-12.2489854467,-75.8719134728,0.0109369094408,177.12533898,-12.2380485373,101.253425507
3995.15694395,-12.2866250847,-75.9342644914,0.0108367310082,177.138529232,-12.2757883537,101.204264741
4013.6039137,-12.3242852119,-75.9963627227,0.0107374690426,177.151659162,-12.3135477429,101.15529644
4032.13605924,-12.3619656624,-76.058208901,0.0106391151806,177.164729043,-12.3513265472,101.106520142
4050.75377387,-12.3996662713,-76.1198037622,0.0105416611346,177.177739147,-12.3891246102,101.057935385
4069.45745268,-12.4373868752,-76.1811480441,0.0104450986924,177.190689744,-12.4269417765,101.0095417
4088.24749261,-12.4751273115,-76.2422424859,0.0103494197161,177.203581104,-12.4647778918,100.961338618
4107.12429241,-12.512887419,-76.3030878284,0.0102546161422,177.216413495,-12.5026328029,100.913325666
4126.08825268,-12.5506670376,-76.3636848139,0.0101606799799,177.229187184,-12.5405063576,100.865502371
4145.13977586,-12.588466008,-76.4240341861,0.0100676033114,177.241902439,-12.5783984047,100.817868252
4164.27926628,-12.6262841726,-76.4841366901,0.00997537829068,177.254559522,-12.6163087943,100.770422832
4183.50713009,-12.6641213743,-76.5439930723,0.00988399714305,177.267158698,-12.6542373772,100.723165626
4202.82377535,-12.7019774577,-76.6036040804,0.00979345216443,177.27970023,-12.6921840055,100.67609615
4222.22961199,-12.739852268,-76.6629704632,0.0097037357208,177.292184379,-12.7301485323,100.629213916
4241.72505184,-12.7777456519,-76.7220929705,0.00961484024749,177.304611404,-12.7681308117,100.582518434
4261.31050863,-12.815657457,-76.7809723536,0.00952675824861,177.316981566,-12.8061306987,100.536009212
4280.98639799,-12.8535875319,-76.8396093645,0.0094394822964,177.329295122,-12.8441480496,100.489685757
4300.75313748,-12.8915357266,-76.8980047562,0.00935300503063,177.341552328,-12.8821827216,100.443547572
4320.61114659,-12.9295018919,-76.9561592828,0.00926731915798,177.353753441,-12.9202345728,100.397594158
4340.56084675,-12.9674858799,-77.014073699,0.00918241745145,177.365898714,-12.9583034624,100.351825015
4360.6026613,-13.0054875435,-77.0717487605,0.00909829274975,177.377988402,-12.9963892507,100.306239642
4380.73701559,-13.0435067369,-77.1291852239,0.00901493795674,177.390022756,-13.0344917989,100.260837532
4400.9643369,-13.0815433153,-77.1863838461,0.00893234604077,177.402002028,-13.0726109692,100.215618182
4421.28505448,-13.1195971349,-77.243345385,0.00885051003419,177.413926468,-13.1107466249,100.170581083
4441.69959958,-13.1576680531,-77.3000705991,0.0087694230327,177.425796324,-13.14889863,100.125725725
4462.20840544,-13.1957559281,-77.3565602473,0.00868907819482,177.437611845,-13.1870668499,100.081051597
4482.81190727,-13.2338606195,-77.4128150892,0.0086094687413,177.449373276,-13.2252511507,100.036558187
4503.51054234,-13.2719819875,-77.4688358847,0.00853058795457,177.461080865,-13.2634513996,99.9922449802
4524.3047499,-13.3101198937,-77.5246233942,0.00845242917819,177.472734855,-13.3016674646,99.9481114605
4545.19497123,-13.3482742006,-77.5801783786,0.00837498581627,177.484335489,-13.3398992148,99.9041571107
4566.18164967,-13.3864447717,-77.635501599,0.00829825133297,177.495883011,-13.3781465203,99.8603814122
4587.26523059,-13.4246314714,-77.6905938167,0.00822221925191,177.507377661,-13.4164092521,99.8167838447
4608.44616143,-13.4628341653,-77.7454557934,0.00814688315566,177.51881968,-13.4546872822,99.7733638869
4629.72489167,-13.50105272,-77.800088291,0.0080722366852,177.530209307,-13.4929804833,99.7301210161
4651.1018729,-13.539287003,-77.8544920716,0.00799827353939,177.54154678,-13.5312887295,99.6870547084
4672.57755877,-13.5775368828,-77.9086678972,0.00792498747447,177.552832336,-13.5696118953,99.6441644387
4694.15240503,-13.6158022289,-77.96261653,0.00785237230349,177.564066211,-13.6079498566,99.6014496807
4715.82686953,-13.6540829118,-78.0163387323,0.00778042189585,177.57524864,-13.6463024899,99.5589099072
4737.60141226,-13.6923788031,-78.0698352664,0.00770913017677,177.586379856,-13.6846696729,99.5165445899
4759.4764953,-13.7306897751,-78.1231068944,0.00763849112677,177.597460094,-13.7230512839,99.4743531994
4781.45258288,-13.7690157012,-78.1761543784,0.00756849878122,177.608489584,-13.7614472024,99.4323352055
4803.53014137,-13.8073564559,-78.2289784804,0.00749914722976,177.619468557,-13.7998573086,99.3904900769
4825.7096393,-13.8457119144,-78.2815799622,0.00743043061589,177.630397244,-13.8382814838,99.3488172816
4847.99154736,-13.8840819531,-78.3339595854,0.00736234313645,177.641275872,-13.8767196099,99.3073162869
4870.3763384,-13.9224664491,-78.3861181114,0.00729487904112,177.65210467,-13.9151715701,99.2659865589
4892.86448748,-13.9608652806,-78.4380563013,0.00722803263199,177.662883865,-13.953637248,99.2248275634
4915.45647183,-13.9992783268,-78.4897749158,0.00716179826303,177.673613681,-13.9921165285,99.1838387652
4938.15277089,-14.0377054676,-78.5412747154,0.00709617033967,177.684294344,-14.0306092972,99.1430196287
4960.95386633,-14.0761465839,-78.5925564602,0.00703114331828,177.694926078,-14.0691154406,99.1023696174
4983.86024201,-14.1146015577,-78.6436209097,0.00696671170577,177.705509104,-14.107634846,99.0618881945
5006.87238405,-14.1530702717,-78.6944688232,0.0069028700591,177.716043646,-14.1461674016,99.0215748224
5029.99078082,-14.1915526095,-78.7451009594,0.0068396129848,177.726529923,-14.1847129965,98.9814289632
5053.21592292,-14.2300484558,-78.7955180764,0.00677693513859,177.736968155,-14.2232715207,98.9414500784
5076.54830323,-14.268557696,-78.8457209318,0.00671483122488,177.747358561,-14.2618428648,98.9016376291
5099.98841691,-14.3070802165,-78.8957102828,0.00665329599634,177.757701359,-14.3004269205,98.861991076
5123.5367614,-14.3456159046,-78.9454868857,0.00659232425346,177.767996765,-14.3390235803,98.8225098796
5147.19383644,-14.3841646482,-78.9950514964,0.00653191084415,177.778244996,-14.3776327374,98.7831934998
5170.96014407,-14.4227263365,-79.0444048699,0.00647205066326,177.788446266,-14.4162542858,98.7440413964
5194.83618865,-14.4613008593,-79.0935477606,0.0064127386522,177.79860079,-14.4548881206,98.7050530289
5218.82247688,-14.4998881073,-79.1424809223,0.00635396979847,177.808708779,-14.4935341375,98.6662278566
5242.91951779,-14.5384879721,-79.1912051079,0.0062957391353,177.818770446,-14.532192233,98.6275653385
5267.12782276,-14.5771003461,-79.2397210694,0.00623804174119,177.828786003,-14.5708623044,98.5890649335
5291.44790554,-14.6157251227,-79.2880295582,0.00618087273951,177.838755659,-14.6095442499,98.5507261006
5315.88028223,-14.6543621958,-79.3361313247,0.00612422729812,177.848679623,-14.6482379685,98.5125482983
5340.42547134,-14.6930114605,-79.3840271185,0.00606810062891,177.858558104,-14.6869433599,98.4745309853
5365.08399376,-14.7316728126,-79.4317176883,0.00601248798747,177.868391308,-14.7256603246,98.4366736202
5389.85637279,-14.7703461486,-79.4792037817,0.00595738467265,177.878179443,-14.764388764,98.3989756617
5414.74313414,-14.809031366,-79.5264861457,0.00590278602615,177.887922714,-14.80312858,98.3614365684
5439.74480596,-14.8477283631,-79.573565526,0.0058486874322,177.897621325,-14.8418796756,98.324055799
5464.86191881,-14.8864370387,-79.6204426674,0.00579508431711,177.90727548,-14.8806419544,98.2868328123
5490.09500574,-14.9251572929,-79.6671183137,0.0057419721489,177.916885381,-14.9194153208,98.2497670672
5515.44460223,-14.9638890263,-79.7135932077,0.00568934643697,177.92645123,-14.9581996798,98.2128580227
5540.91124625,-15.0026321402,-79.7598680909,0.00563720273165,177.935973229,-14.9969949375,98.1761051381
5566.49547825,-15.041386537,-79.805943704,0.00558553662388,177.945451577,-15.0358010004,98.1395078728
5592.19784116,-15.0801521196,-79.8518207863,0.00553434374482,177.954886473,-15.0746177759,98.1030656863
5618.01888043,-15.1189287918,-79.8975000762,0.0054836197655,177.964278115,-15.113445172,98.0667780388
5643.95914404,-15.1577164582,-79.9429823108,0.00543336039646,177.973626701,-15.1522830978,98.0306443902
5670.01918249,-15.1965150241,-79.9882682259,0.00538356138735,177.982932427,-15.1911314627,97.994664201
5696.19954881,-15.2353243955,-80.0333585563,0.00533421852664,177.992195489,-15.229990177,97.9588369322
5722.5007986,-15.2741444794,-80.0782540355,0.00528532764121,178.00141608,-15.2688591517,97.9231620448
5748.92349001,-15.3129751832,-80.1229553958,0.00523688459604,178.010594396,-15.3077382986,97.8876390003
5775.46818379,-15.3518164154,-80.167463368,0.00518888529384,178.019730629,-15.3466275301,97.8522672608
5802.13544325,-15.390668085,-80.2117786819,0.00514132567472,178.02882497,-15.3855267593,97.8170462884
5828.92583433,-15.4295301018,-80.2559020658,0.00509420171584,178.037877612,-15.4244359001,97.7819755462
5855.83992557,-15.4684023765,-80.2998342468,0.00504750943109,178.046888744,-15.463354867,97.7470544972
5882.87828813,-15.5072848201,-80.3435759505,0.00500124487073,178.055858556,-15.5022835752,97.7122826054
5910.04149581,-15.5461773447,-80.3871279013,0.00495540412111,178.064787236,-15.5412219406,97.6776593349
5937.33012506,-15.5850798631,-80.4304908221,0.00490998330427,178.073674973,-15.5801698798,97.6431841506
5964.744755,-15.6239922886,-80.4736654344,0.00486497857767,178.082521952,-15.6191273101,97.6088565178
5992.28596741,-15.6629145354,-80.5166524584,0.00482038613385,178.091328361,-15.6580941493,97.5746759025
6019.95434677,-15.7018465183,-80.5594526126,0.00477620220012,178.100094384,-15.6970703161,97.5406417713
6047.75048025,-15.7407881527,-80.6020666145,0.00473242303822,178.108820206,-15.7360557297,97.5067535913
6075.67495773,-15.779739355,-80.6444951796,0.00468904494404,178.11750601,-15.77505031,97.4730108303
6103.72837182,-15.8187000419,-80.6867390223,0.00464606424729,178.126151979,-15.8140539776,97.4394129567
6131.91131786,-15.8576701311,-80.7287988554,0.00460347731118,178.134758295,-15.8530666538,97.4059594397
6160.22439395,-15.8966495408,-80.77067539,0.00456128053216,178.143325139,-15.8920882602,97.3726497492
6188.66820094,-15.9356381899,-80.8123693361,0.00451947033957,178.151852692,-15.9311187196,97.3394833556
6217.24334245,-15.974635998,-80.8538814016,0.00447804319536,178.160341132,-15.9701579548,97.3064597302
6245.95042491,-16.0136428854,-80.8952122933,0.00443699559379,178.168790638,-16.0092058898,97.2735783451
6274.79005752,-16.052658773,-80.9363627163,0.00439632406116,178.177201389,-16.0482624489,97.240838673
6303.76285232,-16.0916835823,-80.9773333739,0.00435602515548,178.185573561,-16.0873275571,97.2082401876
6332.86942416,-16.1307172354,-81.0181249681,0.0043160954662,178.193907331,-16.12640114,97.1757823631
6362.11039073,-16.1697596554,-81.0587381991,0.00427653161392,178.202202874,-16.1654831238,97.1434646748
6391.48637258,-16.2088107656,-81.0991737655,0.00423733025013,178.210460364,-16.2045734354,97.1112865988
6420.99799312,-16.2478704902,-81.1394323644,0.0041984880569,178.218679976,-16.2436720021,97.0792476117
6450.64587864,-16.2869387539,-81.1795146911,0.0041600017466,178.226861883,-16.2827787522,97.0473471915
6480.43065831,-16.3260154821,-81.2194214392,0.00412186806164,178.235006256,-16.321893614,97.0155848167
6510.35296423,-16.3651006007,-81.2591533009,0.00408408377419,178.243113268,-16.361016517,96.9839599668
6540.4134314,-16.4041940365,-81.2987109663,0.00404664568593,178.251183089,-16.4001473908,96.9524721222
6570.61269775,-16.4432957165,-81.3380951242,0.00400955062774,178.259215889,-16.4392861659,96.9211207644
6600.95140417,-16.4824055687,-81.3773064615,0.00397279545947,178.267211837,-16.4784327732,96.8899053754
6631.4301945,-16.5215235213,-81.4163456634,0.00393637706964,178.275171102,-16.5175871443,96.8588254387
6662.04971555,-16.5606495036,-81.4552134134,0.00390029237524,178.283093852,-16.5567492112,96.8278804384
6692.81061712,-16.599783445,-81.4939103932,0.00386453832139,178.290980253,-16.5959189067,96.7970698596
6723.71355202,-16.6389252758,-81.5324372828,0.00382911188116,178.298830471,-16.6350961639,96.7663931885
6754.75917605,-16.6780749267,-81.5707947605,0.00379401005527,178.306644673,-16.6742809166,96.7358499124
6785.94814807,-16.7172323291,-81.6089835028,0.00375922987185,178.314423022,-16.7134730993,96.7054395193
6817.28112996,-16.7563974151,-81.6470041843,0.00372476838618,178.322165683,-16.7526726467,96.6751614986
6848.75878665,-16.7955701169,-81.684857478,0.00369062268047,178.329872818,-16.7918794942,96.6450153403
6880.38178617,-16.8347503678,-81.7225440551,0.0036567898636,178.337544591,-16.831093578,96.615000536
6912.1507996,-16.8739381014,-81.7600645848,0.00362326707085,178.345181163,-16.8703148343,96.5851165779
6944.06650115,-16.9131332519,-81.7974197347,0.0035900514637,178.352782694,-16.9095432004,96.5553629595
6976.12956811,-16.9523357539,-81.8346101705,0.0035571402296,178.360349346,-16.9487786137,96.5257391753
7008.34068093,-16.9915455429,-81.871636556,0.00352453058166,178.367881277,-16.9880210123,96.4962447209
7040.70052319,-17.0307625547,-81.9084995535,0.0034922197585,178.375378647,-17.0272703349,96.4668790931
7073.20978161,-17.0699867256,-81.945199823,0.00346020502398,178.382841613,-17.0665265205,96.4376417898
7105.86914609,-17.1092179925,-81.9817380229,0.00342848366697,178.390270333,-17.1057895089,96.40853231
7138.67930974,-17.148456293,-82.0181148099,0.00339705300111,178.397664964,-17.14505924,96.3795501536
7171.64096884,-17.187701565,-82.0543308385,0.00336591036461,178.405025661,-17.1843356546,96.3506948221
7204.75482289,-17.226953747,-82.0903867616,0.00333505312004,178.412352579,-17.2236186939,96.3219658179
7238.02157463,-17.266212778,-82.12628323,0.00330447865404,178.419645875,-17.2629082994,96.2933626445
7271.44193004,-17.3054785977,-82.162020893,0.00327418437717,178.4269057,-17.3022044133,96.2648848067
7305.01659835,-17.3447511459,-82.1976003976,0.00324416772367,178.434132208,-17.3415069782,96.2365318105
7338.74629209,-17.3840303634,-82.2330223891,0.00321442615122,178.441325552,-17.3808159372,96.2083031629
7372.63172705,-17.4233161911,-82.2682875111,0.00318495714076,178.448485884,-17.420131234,96.1801983724
7406.67362235,-17.4626085707,-82.3033964048,0.00315575819627,178.455613353,-17.4594528125,96.1522169486
7440.87270041,-17.5019074442,-82.3383497101,0.00312682684453,178.462708112,-17.4987806174,96.124358402
7475.22968701,-17.5412127542,-82.3731480645,0.00309816063498,178.469770309,-17.5381145936,96.0966222448
7509.74531125,-17.5805244437,-82.4077921039,0.00306975713942,178.476800094,-17.5774546866,96.0690079902
7544.42030561,-17.6198424563,-82.4422824622,0.00304161395189,178.483797615,-17.6168008424,96.0415151526
7579.25540597,-17.659166736,-82.4766197713,0.00301372868841,178.490763019,-17.6561530073,96.0141432478
7614.25135159,-17.6984972272,-82.5108046612,0.00298609898684,178.497696454,-17.6955111282,95.9868917927
7649.40888514,-17.737833875,-82.54483776,0.00295872250659,178.504598065,-17.7348751525,95.9597603054
7684.72875272,-17.7771766247,-82.578719694,0.00293159692853,178.511468,-17.7742450278,95.9327483056
7720.2117039,-17.8165254224,-82.6124510874,0.0029047199547,178.518306401,-17.8136207024,95.9058553139
7755.85849167,-17.8558802143,-82.6460325625,0.00287808930818,178.525113415,-17.853002125,95.8790808524
7791.66987253,-17.8952409473,-82.6794647396,0.00285170273287,178.531889184,-17.8923892445,95.8524244445
7827.64660646,-17.9346075686,-82.7127482372,0.00282555799332,178.538633852,-17.9317820106,95.8258856146
7863.78945695,-17.9739800261,-82.7458836718,0.0027996528745,178.545347561,-17.9711803732,95.7994638888
7900.09919101,-18.0133582678,-82.7788716579,0.00277398518166,178.552030452,-18.0105842826,95.7731587942
7936.5765792,-18.0527422425,-82.811712808,0.00274855274013,178.558682667,-18.0499936898,95.7469698593
7973.22239564,-18.0921318991,-82.8444077329,0.00272335339512,178.565304347,-18.0894085457,95.7208966141
8010.03741802,-18.1315271873,-82.8769570411,0.00269838501157,178.571895631,-18.1288288023,95.6949385895
8047.02242761,-18.1709280568,-82.9093613394,0.00267364547393,178.578456658,-18.1682544114,95.6690953181
8084.1782093,-18.2103344582,-82.9416212326,0.00264913268603,178.584987566,-18.2076853255,95.6433663337
8121.5055516,-18.2497463422,-82.9737373234,0.00262484457084,178.591488495,-18.2471214976,95.6177511714
8159.00524668,-18.28916366,-83.0057102127,0.00260077907037,178.59795958,-18.2865628809,95.5922493677
8196.67809033,-18.3285863633,-83.0375404993,0.00257693414544,178.60440096,-18.3260094291,95.5668604603
8234.52488204,-18.3680144041,-83.0692287802,0.00255330777553,178.610812769,-18.3654610963,95.5415839884
8272.54642499,-18.4074477349,-83.1007756502,0.00252989795861,178.617195143,-18.4049178369,95.5164194925
8310.74352606,-18.4468863086,-83.1321817025,0.00250670271095,178.623548217,-18.4443796059,95.4913665144
8349.11699587,-18.4863300785,-83.1634475279,0.00248372006701,178.629872125,-18.4838463584,95.4664245974
8387.66764876,-18.5257789982,-83.1945737154,0.00246094807919,178.636167001,-18.5233180502,95.4415932859
8426.39630285,-18.565233022,-83.2255608522,0.00243838481773,178.642432978,-18.5627946372,95.416872126
8465.30378003,-18.6046921042,-83.2564095234,0.00241602837054,178.648670188,-18.6022760758,95.3922606648
8504.39090599,-18.6441561998,-83.287120312,0.00239387684302,178.654878763,-18.6417623229,95.3677584511
8543.65851022,-18.683625264,-83.3176937993,0.00237192835789,178.661058834,-18.6812533356,95.3433650348
8583.10742605,-18.7230992525,-83.3481305643,0.00235018105507,178.667210532,-18.7207490715,95.3190799674
8622.73849067,-18.7625781214,-83.3784311844,0.00232863309148,178.673333986,-18.7602494883,95.2949028016
8662.5525451,-18.802061827,-83.4085962347,0.00230728264094,178.679429326,-18.7997545444,95.2708330916
8702.55043428,-18.8415503263,-83.4386262885,0.00228612789395,178.685496681,-18.8392641984,95.2468703929
8742.73300702,-18.8810435763,-83.468521917,0.00226516705759,178.69153618,-18.8787784093,95.2230142625
8783.10111609,-18.9205415347,-83.4982836897,0.00224439835533,178.697547948,-18.9182971363,95.1992642587
8823.65561815,-18.9600441593,-83.5279121739,0.00222382002693,178.703532115,-18.9578203393,95.1756199411
8864.39737385,-18.9995514085,-83.557407935,0.00220343032822,178.709488806,-18.9973479782,95.1520808708
8905.3272478,-19.0390632409,-83.5867715363,0.00218322753102,178.715418147,-19.0368800134,95.1286466103
8946.44610861,-19.0785796156,-83.6160035393,0.00216320992297,178.721320263,-19.0764164057,95.1053167236
8987.75482889,-19.1181004918,-83.6451045036,0.00214337580736,178.727195279,-19.115957116,95.0820907758
9029.25428528,-19.1576258294,-83.6740749865,0.00212372350303,178.73304332,-19.1555021059,95.0589683337
9070.94535848,-19.1971555884,-83.7029155438,0.0021042513442,178.738864509,-19.1950513371,95.0359489652
9112.82893325,-19.2366897292,-83.7316267289,0.00208495768034,178.744658969,-19.2346047716,95.0130322399
9154.90589842,-19.2762282127,-83.7602090935,0.00206584087603,178.750426822,-19.2741623718,94.9902177287
9197.17714695,-19.3157709998,-83.7886631872,0.00204689931081,178.756168191,-19.3137241005,94.9675050038
9239.64357591,-19.3553180521,-83.8169895578,0.00202813137906,178.761883197,-19.3532899208,94.9448936389
9282.30608651,-19.3948693314,-83.8451887509,0.00200953548986,178.76757196,-19.392859796,94.922383209
9325.16558413,-19.4344247998,-83.8732613105,0.00199111006686,178.773234601,-19.4324336898,94.8999732907
9368.22297831,-19.4739844198,-83.9012077783,0.00197285354811,178.77887124,-19.4720115662,94.8776634619
9411.47918282,-19.513548154,-83.9290286942,0.00195476438599,178.784481996,-19.5115933897,94.8554533018
9454.93511563,-19.5531159658,-83.9567245961,0.00193684104705,178.790066987,-19.5511791247,94.8333423911
9498.59169895,-19.5926878184,-83.9842960201,0.00191908201184,178.795626332,-19.5907687364,94.8113303121
9542.44985924,-19.6322636756,-84.0117435001,0.00190148577487,178.801160148,-19.6303621898,94.7894166481
9586.51052727,-19.6718435016,-84.0390675682,0.0018840508444,178.806668552,-19.6699594507,94.7676009842
9630.77463807,-19.7114272606,-84.0662687547,0.00186677574235,178.812151661,-19.7095604849,94.7458829066
9675.243131,-19.7510149174,-84.0933475877,0.00184965900417,178.817609591,-19.7491652584,94.7242620032
9719.91694978,-19.7906064371,-84.1203045935,0.00183269917875,178.823042457,-19.7887737379,94.7027378631
9764.79704244,-19.8302017848,-84.1471402963,0.00181589482823,178.828450373,-19.82838589,94.6813100767
9809.88436144,-19.8698009264,-84.1738552187,0.00179924452793,178.833833455,-19.8680016818,94.6599782363
9855.1798636,-19.9094038275,-84.2004498811,0.0017827468662,178.839191816,-19.9076210807,94.638741935
9900.68451018,-19.9490104546,-84.2269248021,0.00176640044433,178.84452557,-19.9472440542,94.6176007677
9946.39926686,-19.9886207741,-84.2532804982,0.00175020387643,178.849834829,-19.9868705702,94.5965543306
9992.32510379,-20.0282347528,-84.2795174842,0.00173415578925,178.855119706,-20.026500597,94.5756022213
10038.4629956,-20.0678523579,-84.3056362728,0.00171825482218,178.860380312,-20.0661341031,94.5547440389
10084.8139214,-20.1074735567,-84.331637375,0.00170249962701,178.865616759,-20.105771057,94.5339793837
10131.3788649,-20.1470983169,-84.3575212996,0.0016868888679,178.870829157,-20.145411428,94.5133078575
10178.1588142,-20.1867266065,-84.3832885537,0.00167142122126,178.876017617,-20.1850551853,94.4927290637
10225.1547621,-20.2263583937,-84.4089396425,0.00165609537559,178.881182249,-20.2247022984,94.4722426068
10272.367706,-20.2659936472,-84.4344750691,0.00164091003141,178.886323162,-20.2643527371,94.4518480928
10319.7986477,-20.3056323356,-84.4598953349,0.00162586390114,178.891440464,-20.3040064717,94.4315451293
10367.4485939,-20.345274428,-84.4852009394,0.001610955709,178.896534264,-20.3436634723,94.411333325
10415.3185558,-20.3849198939,-84.51039238,0.00159618419087,178.90160467,-20.3833237097,94.3912122901
10463.4095492,-20.4245687029,-84.5354701525,0.00158154809423,178.906651789,-20.4229871548,94.3711816364
10511.7225947,-20.4642208248,-84.5604347505,0.00156704617803,178.911675727,-20.4626537786,94.3512409769
10560.2587177,-20.5038762298,-84.585286666,0.00155267721255,178.916676592,-20.5023235526,94.3313899259
10609.0189481,-20.5435348883,-84.610026389,0.00153843997939,178.921654488,-20.5419964483,94.3116280994
10658.0043207,-20.5831967711,-84.6346544075,0.00152433327125,178.926609522,-20.5816724378,94.2919551145
10707.215875,-20.622861849,-84.6591712078,0.00151035589191,178.931541798,-20.6213514931,94.2723705898
10756.6546556,-20.6625300934,-84.6835772743,0.00149650665613,178.93645142,-20.6610335867,94.2528741454
10806.3217114,-20.7022014755,-84.7078730896,0.00148278438949,178.941338492,-20.7007186911,94.2334654026
10856.2180965,-20.7418759672,-84.7320591341,0.00146918792834,178.946203118,-20.7404067793,94.2141439842
10906.3448699,-20.7815535405,-84.7561358869,0.00145571611969,178.951045401,-20.7800978244,94.1949095144
10956.7030953,-20.8212341674,-84.7801038247,0.0014423678211,178.955865443,-20.8197917996,94.1757616187
11007.2938414,-20.8609178206,-84.8039634227,0.0014291419006,178.960663347,-20.8594886787,94.1566999241
11058.1181818,-20.9006044726,-84.8277151542,0.00141603723658,178.965439213,-20.8991884353,94.1377240588
11109.177195,-20.9402940964,-84.8513594904,0.00140305271773,178.970193143,-20.9388910437,94.1188336526
11160.4719648,-20.9799866653,-84.874896901,0.00139018724288,178.974925238,-20.9785964781,94.1000283365
11212.0035796,-21.0196821526,-84.8983278538,0.00137743972098,178.979635597,-21.0183047129,94.0813077429
11263.773133,-21.059380532,-84.9216528145,0.00136480907094,178.98432432,-21.0580157229,94.0626715058
11315.7817237,-21.0990817774,-84.9448722473,0.00135229422161,178.988991507,-21.0977294831,94.0441192601
11368.0304553,-21.1387858628,-84.9679866145,0.00133989411161,178.993637257,-21.1374459687,94.0256506425
11420.5204367,-21.1784927628,-84.9909963764,0.00132760768933,178.998261667,-21.1771651551,94.007265291
11473.2527819,-21.2182024518,-85.0139019916,0.00131543391274,179.002864836,-21.2168870179,93.9889628447
11526.2286099,-21.2579149046,-85.0367039171,0.0013033717494,179.007446861,-21.2566115329,93.9707429443
11579.4490448,-21.2976300963,-85.0594026078,0.00129142017629,179.01200784,-21.2963386762,93.9526052319
11632.9152163,-21.3373480022,-85.0819985168,0.0012795781798,179.016547868,-21.336068424,93.9345493507
11686.6282589,-21.3770685977,-85.1044920957,0.00126784475557,179.021067041,-21.3758007529,93.9165749456
11740.5893124,-21.4167918585,-85.126883794,0.00125621890846,179.025565456,-21.4155356395,93.8986816624
11794.7995222,-21.4565177604,-85.1491740595,0.00124469965244,179.030043208,-21.4552730608,93.8808691487
11849.2600385,-21.4962462798,-85.1713633384,0.00123328601051,179.034500392,-21.4950129938,93.8631370533
11903.9720171,-21.5359773928,-85.1934520749,0.00122197701463,179.038937101,-21.5347554158,93.8454850261
11958.9366192,-21.575711076,-85.2154407114,0.00121077170561,179.04335343,-21.5745003043,93.8279127187
12014.1550111,-21.6154473062,-85.2373296887,0.00119966913307,179.047749473,-21.6142476371,93.8104197839
12069.6283647,-21.6551860604,-85.2591194458,0.00118866835531,179.052125322,-21.653997392,93.7930058757
12125.3578573,-21.6949273156,-85.2808104199,0.00117776843928,179.05648107,-21.6937495472,93.7756706496
12181.3446715,-21.7346710494,-85.3024030464,0.00116696846047,179.060816809,-21.7335040809,93.7584137625
12237.5899955,-21.7744172392,-85.323897759,0.00115626750284,179.065132631,-21.7732609716,93.7412348723
12294.0950228,-21.8141658628,-85.3452949898,0.00114566465873,179.069428628,-21.8130201981,93.7241336386
12350.8609527,-21.8539168982,-85.3665951688,0.00113515902881,179.073704891,-21.8527817392,93.7071097221
12407.8889897,-21.8936703236,-85.3877987245,0.001124749722,179.07796151,-21.8925455739,93.690162785
12465.1803442,-21.9334261174,-85.4089060838,0.00111443585534,179.082198574,-21.9323116815,93.6732924905
12522.736232,-21.973184258,-85.4299176717,0.00110421655402,179.086416175,-21.9720800414,93.6564985034
12580.5578745,-22.0129447243,-85.4508339113,0.00109409095119,179.090614401,-22.0118506333,93.6397804898
12638.6464987,-22.0527074952,-85.4716552244,0.00108405818797,179.094793341,-22.051623437,93.623138117
12697.0033374,-22.0924725498,-85.4923820308,0.00107411741335,179.098953084,-22.0913984323,93.6065710535
12755.6296291,-22.1322398674,-85.5130147486,0.00106426778411,179.103093718,-22.1311755996,93.5900789694
12814.5266179,-22.1720094275,-85.5335537943,0.00105450846475,179.10721533,-22.1709549191,93.573661536
12873.6955537,-22.2117812099,-85.5539995826,0.00104483862743,179.111318008,-22.2107363713,93.5573184256
12933.1376922,-22.2515551943,-85.5743525267,0.00103525745191,179.115401839,-22.2505199369,93.5410493122
12992.8542949,-22.2913313609,-85.5946130379,0.00102576412544,179.119466909,-22.2903055968,93.5248538709
13052.8466289,-22.3311096898,-85.6147815258,0.00101635784273,179.123513304,-22.3300933319,93.5087317781
13113.1159676,-22.3708901614,-85.6348583986,0.00100703780587,179.12754111,-22.3698831236,93.4926827115
13173.6635898,-22.4106727564,-85.6548440626,0.000997803224252,179.131550413,-22.4096749532,93.47670635
13234.4907806,-22.4504574555,-85.6747389224,0.000988653314523,179.135541296,-22.4494688021,93.4608023739
13295.5988308,-22.4902442395,-85.694543381,0.0009795873005,179.139513846,-22.4892646522,93.4449704648
13356.9890372,-22.5300330896,-85.7142578399,0.000970604413116,179.143468145,-22.5290624852,93.4292103054
13418.6627026,-22.5698239871,-85.7338826987,0.000961703890347,179.147404278,-22.5688622832,93.4135215798
13480.6211358,-22.6096169134,-85.7534183554,0.000952884977155,179.151322329,-22.6086640284,93.3979039733
13542.8656518,-22.64941185,-85.7728652065,0.000944146925418,179.155222379,-22.6484677031,93.3823571725
13605.3975714,-22.6892087788,-85.7922236468,0.00093548899387,179.159104512,-22.6882732898,93.3668808653
13668.2182217,-22.7290076817,-85.8114940694,0.00092691044804,179.16296881,-22.7280807712,93.3514747407
13731.3289359,-22.7688085407,-85.8306768657,0.000918410560182,179.166815355,-22.7678901302,93.3361384891
13794.7310533,-22.8086113382,-85.8497724258,0.00090998860922,179.170644228,-22.8077013496,93.3208718022
13858.4259193,-22.8484160564,-85.8687811379,0.000901643880689,179.174455511,-22.8475144125,93.3056743727
13922.4148857,-22.8882226781,-85.8877033885,0.000893375666668,179.178249283,-22.8873293024,93.2905458948
13986.6993105,-22.9280311858,-85.9065395629,0.000885183265724,179.182025627,-22.9271460025,93.2754860637
14051.2805579,-22.9678415626,-85.9252900444,0.00087706598285,179.18578462,-22.9669644966,93.260494576
14116.1599984,-23.0076537913,-85.9439552149,0.000869023129409,179.189526345,-23.0067847682,93.2455711296
14181.3390089,-23.0474678553,-85.9625354546,0.000861054023077,179.193250878,-23.0466068013,93.2307154234
14246.8189726,-23.0872837378,-85.9810311423,0.000853157987776,179.1969583,-23.0864305798,93.2159271577
14312.6012791,-23.1271014223,-85.999442655,0.000845334353632,179.200648689,-23.126256088,93.2012060339
14378.6873244,-23.1669208925,-86.0177703682,0.000837582456904,179.204322123,-23.1660833101,93.1865517548
14445.0785109,-23.2067421321,-86.0360146559,0.000829901639932,179.20797868,-23.2059122305,93.1719640242
14511.7762477,-23.2465651252,-86.0541758904,0.000822291251089,179.211618438,-23.2457428339,93.1574425471
14578.7819501,-23.2863898556,-86.0722544426,0.000814750644714,179.215241473,-23.285575105,93.14298703
14646.0970402,-23.3262163077,-86.0902506817,0.000807279181069,179.218847862,-23.3254090285,93.1285971804
14713.7229465,-23.3660444658,-86.1081649755,0.000799876226271,179.222437682,-23.3652445896,93.1142727068
14781.661104,-23.4058743145,-86.12599769,0.000792541152252,179.226011009,-23.4050817733,93.1000133194
14849.9129547,-23.4457058383,-86.14374919,0.000785273336697,179.229567919,-23.4449205649,93.085818729
14918.4799469,-23.485539022,-86.1614198385,0.000778072162997,179.233108487,-23.4847609498,93.0716886482
14987.3635357,-23.5253738505,-86.1790099971,0.000770937020189,179.236632787,-23.5246029135,93.0576227902
15056.565183,-23.565210309,-86.1965200257,0.000763867302914,179.240140896,-23.5644464417,93.0436208698
15126.0863573,-23.6050483825,-86.2139502829,0.000756862411359,179.243632886,-23.6042915201,93.0296826028
15195.928534,-23.6448880564,-86.2313011258,0.000749921751208,179.247108832,-23.6441381346,93.0158077062
15266.0931953,-23.6847293161,-86.2485729097,0.000743044733592,179.250568808,-23.6839862714,93.0019958982
15336.5818303,-23.7245721473,-86.2657659887,0.00073623077504,179.254012887,-23.7238359165,92.9882468981
15407.3959347,-23.7644165356,-86.2828807152,0.000729479297424,179.257441142,-23.7636870563,92.9745604265
15478.5370114,-23.8042624668,-86.2999174403,0.000722789727919,179.260853645,-23.8035396771,92.9609362049
15550.0065701,-23.844109927,-86.3168765134,0.000716161498951,179.26425047,-23.8433937655,92.9473739563
15621.8061276,-23.8839589022,-86.3337582826,0.000709594048144,179.267631687,-23.8832493082,92.9338734046
15693.9372076,-23.9238093787,-86.3505630943,0.000703086818277,179.270997369,-23.9231062919,92.9204342749
15766.4013407,-23.9636613428,-86.3672912937,0.000696639257236,179.274347587,-23.9629647035,92.9070562936
15839.2000649,-24.0035147809,-86.3839432244,0.000690250817969,179.277682412,-24.0028245301,92.8937391879
15912.3349251,-24.0433696797,-86.4005192284,0.000683920958438,179.281001915,-24.0426857587,92.8804826865
15985.8074732,-24.0832260258,-86.4170196465,0.000677649141569,179.284306165,-24.0825483767,92.867286519
16059.6192686,-24.1230838062,-86.4334448178,0.000671434835213,179.287595234,-24.1224123713,92.8541504163
16133.7718775,-24.1629430076,-86.4497950802,0.000665277512102,179.29086919,-24.1622777301,92.8410741103
16208.2668738,-24.2028036173,-86.4660707699,0.000659176649796,179.294128104,-24.2021444406,92.828057334
16283.1058383,-24.2426656223,-86.4822722219,0.000653131730644,179.297372044,-24.2420124906,92.8150998217
16358.2903592,-24.2825290101,-86.4983997696,0.000647142241738,179.300601078,-24.2818818678,92.8022013087
16433.822032,-24.3223937679,-86.5144537451,0.000641207674876,179.303815276,-24.3217525603,92.7893615313
16509.7024598,-24.3622598834,-86.530434479,0.000635327526511,179.307014706,-24.3616245559,92.776580227
16585.9332527,-24.4021273441,-86.5463423004,0.00062950129771,179.310199435,-24.4014978428,92.7638571346
16662.5160286,-24.4419961379,-86.5621775371,0.000623728494116,179.313369531,-24.4413724094,92.7511919937
16739.4524126,-24.4818662525,-86.5779405156,0.000618008625902,179.316525061,-24.4812482439,92.7385845451
16816.7440376,-24.521737676,-86.5936315607,0.000612341207731,179.319666092,-24.5211253348,92.7260345309
16894.3925437,-24.5616103964,-86.6092509961,0.000606725758713,179.32279269,-24.5610036707,92.7135416938
16972.3995788,-24.601484402,-86.624799144,0.000601161802369,179.325904922,-24.6008832402,92.7011057782
17050.7667984,-24.641359681,-86.6402763251,0.000595648866581,179.329002854,-24.6407640321,92.688726529
17129.4958655,-24.6812362218,-86.6556828589,0.000590186483568,179.332086552,-24.6806460353,92.6764036927
17208.588451,-24.7211140129,-86.6710190634,0.000584774189827,179.33515608,-24.7205292387,92.6641370165
17288.0462332,-24.7609930429,-86.6862852553,0.000579411526113,179.338211504,-24.7604136314,92.6519262487
17367.8708985,-24.8008733007,-86.7014817498,0.000574098037381,179.341252889,-24.8002992026,92.639771139
17448.0641408,-24.8407547748,-86.716608861,0.000568833272764,179.344280299,-24.8401859416,92.6276714378
17528.627662,-24.8806374544,-86.7316669014,0.000563616785526,179.347293798,-24.8800738376,92.6156268967
17609.5631719,-24.9205213284,-86.7466561823,0.000558448133023,179.350293451,-24.9199628803,92.6036372683
17690.8723879,-24.9604063859,-86.7615770135,0.000553326876674,179.35327932,-24.959853059,92.5917023064
17772.5570356,-25.0002926161,-86.7764297037,0.00054825258191,179.356251469,-24.9997443635,92.5798217657
17854.6188486,-25.0401800084,-86.7912145599,0.000543224818157,179.359209962,-25.0396367836,92.567995402
17937.0595683,-25.0800685521,-86.8059318882,0.000538243158775,179.36215486,-25.0795303089,92.5562229721
18019.8809442,-25.1199582368,-86.820581993,0.000533307181045,179.365086227,-25.1194249296,92.5445042339
18103.084734,-25.159849052,-86.8351651776,0.000528416466116,179.368004124,-25.1593206356,92.5328389463
18186.6727033,-25.1997409875,-86.8496817439,0.000523570598982,179.370908613,-25.1992174169,92.5212268693
18270.6466262,-25.2396340331,-86.8641319925,0.00051876916844,179.373799756,-25.2391152639,92.5096677638
18355.0082846,-25.2795281786,-86.8785162228,0.000514011767052,179.376677615,-25.2790141668,92.4981613919
18439.7594689,-25.319423414,-86.8928347328,0.000509297991119,179.379542249,-25.318914116,92.4867075164
18524.9019777,-25.3593197293,-86.9070878191,0.00050462744064,179.382393721,-25.3588151018,92.4753059015
18610.4376177,-25.3992171147,-86.9212757772,0.000499999719284,179.385232089,-25.398717115,92.4639563121
18696.3682043,-25.4391155605,-86.9353989012,0.00049541443435,179.388057416,-25.4386201461,92.4526585144
18782.695561,-25.479015057,-86.9494574839,0.000490871196741,179.390869759,-25.4785241858,92.4414122754
18869.4215198,-25.5189155946,-86.963451817,0.000486369620922,179.39366918,-25.518429225,92.4302173631
18956.5479213,-25.5588171639,-86.9773821908,0.000481909324895,179.396455737,-25.5583352545,92.4190735466
19044.0766143,-25.5987197553,-86.9912488942,0.000477489930159,179.39922949,-25.5982422653,92.4079805959
19132.0094565,-25.6386233596,-87.0050522151,0.000473111061694,179.401990497,-25.6381502485,92.3969382821
19220.3483139,-25.6785279675,-87.01879244,0.000468772347904,179.404738817,-25.6780591952,92.3859463771
19309.0950612,-25.7184335699,-87.0324698541,0.000464473420611,179.407474508,-25.7179690965,92.375004654
19398.2515818,-25.7583401578,-87.0460847415,0.000460213915002,179.410197628,-25.7578799439,92.3641128868
19487.8197678,-25.798247722,-87.059637385,0.000455993469618,179.412908235,-25.7977917286,92.3532708505
19577.8015198,-25.8381562538,-87.0731280661,0.000451811726307,179.415606387,-25.8377044421,92.3424783208
19668.1987476,-25.8780657443,-87.0865570651,0.000447668330204,179.41829214,-25.877618076,92.3317350748
19759.0133695,-25.9179761847,-87.0999246611,0.000443562929692,179.420965551,-25.9175326218,92.3210408904
19850.2473127,-25.9578875664,-87.1132311319,0.000439495176385,179.423626678,-25.9574480713,92.3103955462
19941.9025134,-25.9977998808,-87.1264767543,0.000435464725084,179.426275577,-25.9973644161,92.2997988222
20033.9809167,-26.0377131194,-87.1396618036,0.000431471233759,179.428912303,-26.0372816482,92.2892504991
20126.4844766,-26.0776272737,-87.1527865541,0.000427514363511,179.431536913,-26.0771997593,92.2787503585
20219.4151563,-26.1175423354,-87.1658512788,0.000423593778554,179.434149462,-26.1171187416,92.2682981831
20312.7749278,-26.1574582962,-87.1788562494,0.000419709146174,179.436750006,-26.157038587,92.2578937565
20406.5657725,-26.1973751479,-87.1918017368,0.000415860136713,179.4393386,-26.1969592878,92.2475368631
20500.7896808,-26.2372928824,-87.2046880102,0.000412046423531,179.441915299,-26.2368808359,92.2372272884
20595.4486522,-26.2772114916,-87.2175153379,0.000408267682983,179.444480157,-26.2768032239,92.2269648189
20690.5446956,-26.3171309675,-87.2302839871,0.000404523594391,179.447033229,-26.3167264439,92.2167492418
20786.079829,-26.3570513022,-87.2429942235,0.00040081384002,179.449574569,-26.3566504884,92.2065803454
20882.0560801,-26.3969724879,-87.255646312,0.000397138105047,179.452104231,-26.3965753498,92.1964579188
20978.4754854,-26.4368945168,-87.2682405161,0.00039349607753,179.454622268,-26.4365010207,92.1863817521
21075.3400912,-26.4768173812,-87.2807770982,0.000389887448392,179.457128734,-26.4764274938,92.1763516363
21172.6519531,-26.5167410735,-87.2932563195,0.000386311911388,179.459623683,-26.5163547616,92.1663673633
21270.4131363,-26.5566655861,-87.3056784402,0.000382769163081,179.462107166,-26.556282817,92.156428726
21368.6257155,-26.5965909116,-87.3180437192,0.000379258902817,179.464579237,-26.5962116527,92.146535518
21467.2917748,-26.6365170425,-87.3303524143,0.000375780832695,179.467039948,-26.6361412616,92.136687534
21566.4134081,-26.6764439714,-87.3426047822,0.00037233465755,179.469489352,-26.6760716367,92.1268845694
21665.9927191,-26.7163716911,-87.3548010784,0.000368920084916,179.471927499,-26.716002771,92.1171264208
21766.0318208,-26.7563001943,-87.3669415572,0.000365536825016,179.474354443,-26.7559346575,92.1074128853
21866.5328365,-26.7962294739,-87.3790264721,0.000362184590723,179.476770233,-26.7958672894,92.0977437612
21967.4978987,-26.8361595229,-87.3910560751,0.00035886309755,179.479174923,-26.8358006598,92.0881188476
22068.9291503,-26.8760903341,-87.4030306174,0.000355572063609,179.481568562,-26.875734762,92.0785379444
22170.8287437,-26.9160219006,-87.4149503487,0.000352311209605,179.483951201,-26.9156695894,92.0690008524
22273.1988415,-26.9559542155,-87.426815518,0.000349080258798,179.486322891,-26.9556051353,92.0595073733
22376.0416161,-26.995887272,-87.4386263731,0.000345878936985,179.488683683,-26.9955413931,92.0500573097
22479.35925,-27.0358210633,-87.4503831604,0.000342706972482,179.491033626,-27.0354783564,92.0406504651
22583.1539359,-27.0757555827,-87.4620861257,0.000339564096091,179.493372769,-27.0754160186,92.0312866437
22687.4278763,-27.1156908236,-87.4737355132,0.000336450041087,179.495701164,-27.1153543735,92.0219656507
22792.1832843,-27.1556267793,-87.4853315664,0.000333364543183,179.498018859,-27.1552934147,92.0126872921
22897.4223829,-27.1955634433,-87.4968745276,0.000330307340521,179.500325902,-27.1952331359,92.0034513747
23003.1474054,-27.2355008091,-87.5083646381,0.000327278173641,179.502622344,-27.235173531,91.9942577064
23109.3605955,-27.2754388704,-87.5198021378,0.000324276785465,179.504908233,-27.2751145937,91.9851060956
23216.0642073,-27.3153776208,-87.5311872659,0.000321302921268,179.507183618,-27.3150563179,91.9759963517
23323.2605053,-27.355317054,-87.5425202605,0.000318356328661,179.509448546,-27.3549986976,91.9669282851
23430.9517642,-27.3952571637,-87.5538013585,0.000315436757574,179.511703065,-27.3949417269,91.9579017067
23539.1402695,-27.4351979438,-87.5650307958,0.000312543960224,179.513947224,-27.4348853998,91.9489164285
23647.8283171,-27.4751393881,-87.5762088072,0.000309677691103,179.51618107,-27.4748297104,91.9399722633
23757.0182137,-27.5150814905,-87.5873356266,0.000306837706951,179.518404651,-27.5147746528,91.9310690245
23866.7122763,-27.5550242452,-87.5984114867,0.000304023766737,179.520618013,-27.5547202214,91.9222065266
23976.912833,-27.594967646,-87.6094366193,0.00030123563165,179.522821204,-27.5946664104,91.9133845848
24087.6222223,-27.6349116871,-87.6204112551,0.000298473065058,179.52501427,-27.634613214,91.904603015
24198.8427938,-27.6748563627,-87.6313356237,0.0002957358325,179.527197258,-27.6745606268,91.8958616343
24310.5769076,-27.7148016668,-87.6422099539,0.000293023701671,179.529370214,-27.7145086431,91.8871602601
24422.8269351,-27.7547475939,-87.6530344732,0.000290336442388,179.531533184,-27.7544572575,91.8784987109
24535.5952583,-27.7946941382,-87.6638094084,0.000287673826583,179.533686214,-27.7944064644,91.8698768061
24648.8842703,-27.834641294,-87.6745349849,0.000285035628278,179.53582935,-27.8343562584,91.8612943656
24762.6963755,-27.8745890558,-87.6852114274,0.00028242162357,179.537962638,-27.8743066342,91.8527512102
24877.0339891,-27.914537418,-87.6958389596,0.000279831590602,179.540086121,-27.9142575865,91.8442471617
24991.8995375,-27.9544863752,-87.7064178039,0.000277265309559,179.542199846,-27.9542091099,91.8357820425
25107.2954583,-27.9944359219,-87.7169481821,0.000274722562633,179.544303858,-27.9941611993,91.8273556757
25223.2242006,-28.0343860526,-87.7274303148,0.000272203134023,179.5463982,-28.0341138495,91.8189678855
25339.6882244,-28.0743367622,-87.7378644216,0.000269706809896,179.548482918,-28.0740670554,91.8106184965
25456.6900015,-28.1142880452,-87.7482507212,0.000267233378389,179.550558055,-28.1140208118,91.8023073343
25574.2320147,-28.1542398965,-87.7585894312,0.000264782629572,179.552623656,-28.1539751138,91.7940342252
25692.3167585,-28.1941923108,-87.7688807685,0.000262354355452,179.554679765,-28.1939299564,91.7857989964
25810.9467388,-28.234145283,-87.7791249486,0.000259948349934,179.556726424,-28.2338853346,91.7776014757
25930.1244733,-28.2740988079,-87.7893221864,0.000257564408812,179.558763678,-28.2738412435,91.7694414918
26049.8524911,-28.3140528807,-87.7994726958,0.000255202329758,179.56079157,-28.3137976783,91.761318874
26170.133333,-28.3540074961,-87.8095766895,0.000252861912295,179.562810142,-28.3537546342,91.7532334525
26290.9695515,-28.3939626493,-87.8196343795,0.000250542957785,179.564819438,-28.3937121064,91.7451850582
26412.3637112,-28.4339183354,-87.8296459768,0.000248245269415,179.5668195,-28.4336700901,91.7371735228
26534.3183881,-28.4738745494,-87.8396116913,0.00024596865217,179.56881037,-28.4736285808,91.7291986786
26656.8361703,-28.5138312866,-87.8495317322,0.000243712912829,179.570792091,-28.5135875737,91.7212603589
26779.9196579,-28.5537885421,-87.8594063076,0.00024147785994,179.572764705,-28.5535470643,91.7133583975
26903.571463,-28.5937463113,-87.8692356246,0.000239263303804,179.574728254,-28.593507048,91.705492629
27027.7942096,-28.6337045894,-87.8790198897,0.000237069056466,179.576682779,-28.6334675203,91.6976628889
27152.590534,-28.6736633717,-87.8887593081,0.000234894931694,179.578628321,-28.6734284768,91.6898690132
27277.9630845,-28.7136226538,-87.8984540843,0.000232740744957,179.580564923,-28.713389913,91.6821108387
27403.9145219,-28.7535824309,-87.9081044218,0.000230606313426,179.582492625,-28.7533518245,91.6743882031
27530.447519,-28.7935426985,-87.9177105231,0.000228491455942,179.584411468,-28.7933142071,91.6667009446
27657.5647611,-28.8335034523,-87.9272725901,0.000226395993006,179.586321492,-28.8332770563,91.6590489022
27785.2689458,-28.8734646876,-87.9367908235,0.000224319746769,179.588222739,-28.8732403679,91.6514319156
27913.5627832,-28.9134264002,-87.9462654232,0.000222262541012,179.590115248,-28.9132041376,91.6438498253
28042.448996,-28.9533885856,-87.9556965881,0.000220224201129,179.59199906,-28.9531683614,91.6363024724
28171.9303194,-28.9933512396,-87.9650845164,0.000218204554117,179.593874215,-28.993133035,91.6287896988
28302.0095011,-29.0333143578,-87.9744294053,0.00021620342856,179.595740752,-29.0330981544,91.621311347
28432.6893017,-29.073277936,-87.9837314512,0.000214220654613,179.597598712,-29.0730637153,91.6138672604
28563.9724945,-29.11324197,-87.9929908494,0.000212256063987,179.599448132,-29.1130297139,91.6064572828
28695.8618655,-29.1532064556,-88.0022077945,0.000210309489938,179.601289054,-29.1529961461,91.599081259
28828.3602136,-29.1931713887,-88.0113824803,0.00020838076725,179.603121515,-29.1929630079,91.5917390343
28961.4703507,-29.2331367652,-88.0205150995,0.000206469732222,179.604945554,-29.2329302954,91.5844304548
29095.1951017,-29.273102581,-88.0296058441,0.000204576222654,179.606761211,-29.2728980048,91.5771553672
29229.5373043,-29.3130688321,-88.0386549052,0.000202700077833,179.608568524,-29.312866132,91.5699136189
29364.4998096,-29.3530355146,-88.0476624731,0.000200841138523,179.610367531,-29.3528346734,91.562705058
29500.0854817,-29.3930026244,-88.056628737,0.000198999246941,179.61215827,-29.3928036252,91.5555295334
29636.297198,-29.4329701578,-88.0655538855,0.000197174246758,179.61394078,-29.4327729835,91.5483868945
29773.1378492,-29.4729381107,-88.0744381064,0.000195365983073,179.615715098,-29.4727427447,91.5412769914
29910.6103392,-29.5129064794,-88.0832815863,0.00019357430241,179.617481261,-29.5127129051,91.534199675
30048.7175854,-29.55287526,-88.0920845114,0.000191799052697,179.619239308,-29.552683461,91.5271547967
30187.4625188,-29.5928444489,-88.1008470668,0.000190040083257,179.620989275,-29.5926544088,91.5201422086
30326.8480838,-29.6328140421,-88.1095694367,0.000188297244797,179.6227312,-29.6326257449,91.5131617636
30466.8772383,-29.6727840362,-88.1182518047,0.000186570389389,179.62446512,-29.6725974658,91.5062133152
30607.552954,-29.7127544273,-88.1268943534,0.000184859370464,179.626191071,-29.7125695679,91.4992967174
30748.8782163,-29.7527252119,-88.1354972647,0.000183164042796,179.62790909,-29.7525420478,91.4924118251
30890.8560245,-29.7926963863,-88.1440607196,0.000181484262491,179.629619213,-29.792514902,91.4855584937
31033.4893914,-29.832667947,-88.1525848983,0.000179819886977,179.631321477,-29.8324881271,91.4787365792
31176.7813441,-29.8726398904,-88.1610699801,0.000178170774985,179.633015918,-29.8724617197,91.4719459383
31320.7349234,-29.9126122131,-88.1695161437,0.000176536786541,179.634702572,-29.9124356763,91.4651864286
31465.3531844,-29.9525849116,-88.1779235669,0.000174917782959,179.636381475,-29.9524099938,91.4584579078
31610.639196,-29.9925579824,-88.1862924265,0.000173313626825,179.638052661,-29.9923846687,91.4517602348
31756.5960415,-30.0325314221,-88.1946228988,0.000171724181979,179.639716168,-30.0323596979,91.4450932687
31903.2268183,-30.0725052273,-88.2029151592,0.000170149313513,179.641372029,-30.072335078,91.4384568696
32050.5346383,-30.1124793948,-88.2111693822,0.000168588887757,179.64302028,-30.1123108059,91.4318508978
32198.5226275,-30.1524539211,-88.2193857416,0.000167042772266,179.644660956,-30.1522868784,91.4252752147
32347.1939265,-30.1924288031,-88.2275644105,0.00016551083581,179.646294092,-30.1922632923,91.418729682
32496.5516904,-30.2324040374,-88.2357055611,0.000163992948358,179.647919723,-30.2322400444,91.412214162
32646.5990888,-30.2723796208,-88.2438093648,0.000162488981079,179.649537883,-30.2722171318,91.405728518
32797.339306,-30.3123555501,-88.2518759923,0.000160998806319,179.651148606,-30.3121945513,91.3992726134
32948.775541,-30.3523318222,-88.2599056136,0.00015952229759,179.652751926,-30.3521723,91.3928463125
33100.9110075,-30.392308434,-88.2678983977,0.000158059329576,179.654347878,-30.3921503746,91.3864494803
33253.7489341,-30.4322853822,-88.2758545131,0.000156609778097,179.655936495,-30.4321287724,91.3800819822
33407.2925643,-30.4722626639,-88.2837741274,0.000155173520119,179.657517812,-30.4721074904,91.3737436843
33561.5451566,-30.5122402759,-88.2916574073,0.000153750433739,179.659091861,-30.5120865255,91.3674344533
33716.5099844,-30.5522182153,-88.2995045191,0.00015234039816,179.660658676,-30.5520658749,91.3611541565
33872.1903365,-30.5921964791,-88.3073156281,0.000150943293706,179.66221829,-30.5920455358,91.3549026618
34028.5895165,-30.6321750642,-88.3150908989,0.00014955900179,179.663770736,-30.6320255052,91.3486798376
34185.7108437,-30.6721539678,-88.3228304953,0.000148187404915,179.665316048,-30.6720057804,91.342485553
34343.5576523,-30.7121331869,-88.3305345804,0.000146828386664,179.666854258,-30.7119863585,91.3363196778
34502.1332922,-30.7521127187,-88.3382033167,0.000145481831682,179.668385399,-30.7519672369,91.3301820821
34661.4411286,-30.7920925602,-88.3458368658,0.000144147625677,179.669909503,-30.7919484126,91.3240726368
34821.4845423,-30.8320727087,-88.3534353885,0.0001428256554,179.671426602,-30.8319298831,91.3179912133
34982.2669298,-30.8720531613,-88.3609990452,0.000141515808647,179.672936729,-30.8719116455,91.3119376836
35143.7917031,-30.9120339153,-88.3685279952,0.000140217974238,179.674439916,-30.9118936973,91.3059119203
35306.06229,-30.9520149678,-88.3760223973,0.000138932042011,179.675936194,-30.9518760358,91.2999137966
35469.0821342,-30.9919963162,-88.3834824094,0.000137657902819,179.677425596,-30.9918586583,91.2939431862
35632.8546954,-31.0319779578,-88.390908189,0.000136395448515,179.678908152,-31.0318415623,91.2879999633
35797.383449,-31.0719598898,-88.3982998926,0.000135144571942,179.680383895,-31.0718247452,91.2820840029
35962.6718866,-31.1119421096,-88.405657676,0.000133905166925,179.681852856,-31.1118082044,91.2761951803
36128.723516,-31.1519246146,-88.4129816945,0.000132677128264,179.683315066,-31.1517919375,91.2703333716
36295.541861,-31.1919074021,-88.4202721025,0.000131460351724,179.684770556,-31.1917759418,91.2644984534
36463.1304619,-31.2318904696,-88.4275290538,0.000130254734022,179.686219356,-31.2317602149,91.2586903026
36631.4928751,-31.2718738145,-88.4347527014,0.00012906017283,179.687661498,-31.2717447544,91.252908797
36800.6326736,-31.3118574343,-88.4419431978,0.000127876566752,179.689097013,-31.3117295577,91.2471538149
36970.553447,-31.3518413264,-88.4491006946,0.000126703815323,179.69052593,-31.3517146226,91.2414252349
37141.2588011,-31.3918254884,-88.4562253429,0.000125541819001,179.691948279,-31.3916999466,91.2357229364
37312.7523586,-31.4318099177,-88.4633172929,0.000124390479153,179.693364092,-31.4316855272,91.2300467992
37485.037759,-31.471794612,-88.4703766943,0.000123249698056,179.694773398,-31.4716713623,91.2243967038
37658.1186585,-31.5117795688,-88.477403696,0.000122119378879,179.696176227,-31.5116574494,91.2187725311
37831.99873,-31.5517647857,-88.4843984464,0.000120999425679,179.697572609,-31.5516437862,91.2131741626
38006.6816638,-31.5917502603,-88.491361093,0.000119889743394,179.698962573,-31.5916303705,91.2076014803
38182.1711668,-31.6317359902,-88.4982917827,0.000118790237836,179.700346149,-31.6316172,91.2020543667
38358.4709633,-31.6717219732,-88.5051906619,0.000117700815675,179.701723367,-31.6716042724,91.196532705
38535.5847947,-31.7117082069,-88.5120578761,0.000116621384443,179.703094255,-31.7115915855,91.1910363788
38713.5164196,-31.751694689,-88.5188935703,0.000115551852516,179.704458842,-31.7515791372,91.1855652721
38892.269614,-31.7916814173,-88.5256978888,0.000114492129113,179.705817159,-31.7915669251,91.1801192697
39071.8481715,-31.8316683894,-88.5324709751,0.00011344212428,179.707169232,-31.8315549472,91.1746982568
39252.2559029,-31.8716556031,-88.5392129724,0.000112401748895,179.708515091,-31.8715432014,91.169302119
39433.4966369,-31.9116430563,-88.5459240229,0.000111370914648,179.709854766,-31.9115316854,91.1639307426
39615.5742197,-31.9516307467,-88.5526042683,0.000110349534041,179.711188283,-31.9515203972,91.1585840144
39798.4925153,-31.9916186722,-88.5592538496,0.000109337520381,179.712515671,-31.9915093347,91.1532618215
39982.2554056,-32.0316068306,-88.5658729072,0.000108334787764,179.713836959,-32.0314984958,91.1479640517
40166.8667904,-32.0715952198,-88.572461581,0.000107341251078,179.715152174,-32.0714878785,91.1426905934
40352.3305873,-32.1115838376,-88.57902001,0.00010635682599,179.716461345,-32.1114774808,91.1374413353
40538.6507324,-32.151572682,-88.5855483327,0.000105381428941,179.717764499,-32.1514673006,91.1322161666
40725.8311796,-32.1915617509,-88.5920466869,0.000104414977138,179.719061664,-32.191457336,91.1270149772
40913.8759012,-32.2315510423,-88.5985152101,0.000103457388548,179.720352867,-32.2314475849,91.1218376574
41102.788888,-32.271540554,-88.6049540386,0.000102508581888,179.721638136,-32.2714380455,91.1166840979
41292.5741489,-32.3115302842,-88.6113633086,0.000101568476621,179.722917499,-32.3114287157,91.11155419
41483.2357115,-32.3515202307,-88.6177431553,0.000100636992953,179.724190981,-32.3514195937,91.1064478255
41674.7776221,-32.3915103916,-88.6240937137,9.97140518145e-05,179.72545861,-32.3914106775,91.1013648966
41867.2039454,-32.4315007649,-88.6304151177,9.87995748674e-05,179.726720414,-32.4314019654,91.0963052961
42060.5187651,-32.4714913488,-88.636707501,9.78934844874e-05,179.727976418,-32.4713934553,91.0912689173
42254.7261837,-32.5114821412,-88.6429709965,9.69957037652e-05,179.72922665,-32.5113851455,91.0862556538
42449.8303226,-32.5514731402,-88.6492057364,9.61061564953e-05,179.730471136,-32.551377034,91.0812653998
42645.8353223,-32.591464344,-88.6554118526,9.52247671703e-05,179.731709903,-32.5913691192,91.0762980501
42842.7453423,-32.6314557507,-88.6615894761,9.43514609773e-05,179.732942976,-32.6313613992,91.0713534998
43040.5645614,-32.6714473584,-88.6677387375,9.34861637876e-05,179.734170382,-32.6713538722,91.0664316445
43239.2971778,-32.7114391653,-88.6738597667,9.26288021537e-05,179.735392147,-32.7113465365,91.0615323804
43438.9474088,-32.7514311695,-88.679952693,9.17793032988e-05,179.736608297,-32.7513393902,91.056655604
43639.5194913,-32.7914233693,-88.6860176452,9.09375951195e-05,179.737818858,-32.7913324317,91.0518012124
43841.017682,-32.8314157629,-88.6920547515,9.01036061659e-05,179.739023855,-32.8313256593,91.0469691031
44043.4462569,-32.8714083484,-88.6980641394,8.92772656497e-05,179.740223314,-32.8713190711,91.0421591741
44246.8095119,-32.9114011242,-88.7040459359,8.84585034286e-05,179.74141726,-32.9113126657,91.0373713239
44451.1117628,-32.9513940884,-88.7100002675,8.76472500045e-05,179.742605719,-32.9513064411,91.0326054513
44656.3573452,-32.9913872394,-88.71592726,8.68434365136e-05,179.743788716,-32.991300396,91.0278614557
44862.5506147,-33.0313805754,-88.7218270387,8.60469947287e-05,179.744966276,-33.0312945284,91.023139237
45069.6959473,-33.0713740948,-88.7276997283,8.52578570473e-05,179.746138424,-33.0712888369,91.0184386954
45277.7977388,-33.1113677958,-88.7335454528,8.44759564823e-05,179.747305184,-33.1112833199,91.0137597316
45486.8604056,-33.1513616769,-88.739364336,8.37012266652e-05,179.748466583,-33.1512779757,91.009102247
45696.8883843,-33.1913557363,-88.7451565008,8.29336018355e-05,179.749622644,-33.1912728027,91.004466143
45907.8861321,-33.2313499724,-88.7509220696,8.21730168341e-05,179.750773391,-33.2312677994,90.9998513218
46119.8581267,-33.2713443836,-88.7566611643,8.14194071018e-05,179.75191885,-33.2712629642,90.9952576859
46332.8088667,-33.3113389684,-88.7623739064,8.06727086673e-05,179.753059045,-33.3112582957,90.9906851383
46546.7428711,-33.351333725,-88.7680604164,7.99328581519e-05,179.754193999,-33.3512537921,90.9861335823
46761.66468,-33.3913286519,-88.7737208147,7.91997927548e-05,179.755323737,-33.3912494522,90.9816029219
46977.5788545,-33.4313237477,-88.779355221,7.84734502486e-05,179.756448282,-33.4312452742,90.9770930614
47194.4899766,-33.4713190106,-88.7849637544,7.7753768982e-05,179.75756766,-33.4712412569,90.9726039054
47412.4026495,-33.5113144393,-88.7905465335,7.70406878653e-05,179.758681893,-33.5112373986,90.9681353591
47631.3214979,-33.5513100321,-88.7961036763,7.63341463697e-05,179.759791004,-33.5512336979,90.9636873281
47851.2511674,-33.5913057876,-88.8016353003,7.56340845219e-05,179.760895019,-33.5912301535,90.9592597185
48072.1963255,-33.6313017042,-88.8071415226,7.49404429004e-05,179.761993959,-33.6312267638,90.9548524366
48294.1616609,-33.6712977806,-88.8126224596,7.42531626233e-05,179.763087849,-33.6712235274,90.9504653893
48517.1518841,-33.7112940152,-88.8180782271,7.35721853527e-05,179.764176711,-33.711220443,90.946098484
48741.1717275,-33.7512904066,-88.8235089406,7.28974532869e-05,179.765260569,-33.7512175091,90.9417516284
48966.225945,-33.7912869533,-88.828914715,7.22289091527e-05,179.766339446,-33.7912147244,90.9374247306
49192.3193128,-33.831283654,-88.8342956645,7.15664962011e-05,179.767413364,-33.8312120875,90.9331176991
49419.456629,-33.8712805072,-88.839651903,7.09101582023e-05,179.768482346,-33.8712095971,90.928830443
49647.6427138,-33.9112775115,-88.8449835438,7.02598394487e-05,179.769546415,-33.9112072517,90.9245628716
49876.8824097,-33.9512746656,-88.8502906997,6.96154847327e-05,179.770605594,-33.9512050501,90.9203148947
50107.1805816,-33.991271968,-88.8555734828,6.8977039365e-05,179.771659905,-33.9912029909,90.9160864225
50338.5421168,-34.0312694174,-88.860832005,6.83444491483e-05,179.772709371,-34.0312010729,90.9118773657
50570.9719253,-34.0712670125,-88.8660663776,6.77176603886e-05,179.773754013,-34.0711992948,90.9076876353
50804.4749395,-34.1112647518,-88.8712767112,6.70966198799e-05,179.774793854,-34.1111976552,90.9035171427
51039.056115,-34.1512626342,-88.876463116,6.64812749079e-05,179.775828916,-34.151196153,90.8993657997
51274.7204298,-34.1912606583,-88.8816257018,6.58715732384e-05,179.776859221,-34.1911947867,90.8952335187
51511.4728852,-34.2312588228,-88.8867645779,6.52674631196e-05,179.77788479,-34.2311935553,90.8911202121
51749.3185056,-34.2712571264,-88.8918798529,6.46688932701e-05,179.778905646,-34.2711924575,90.8870257932
51988.2623383,-34.3112555678,-88.8969716351,6.40758128829e-05,179.77992181,-34.3111914919,90.8829501752
52228.3094543,-34.3512541457,-88.9020400322,6.34881716138e-05,179.780933304,-34.3511906576,90.8788932721
52469.4649477,-34.391252859,-88.9070851514,6.29059195797e-05,179.781940149,-34.3911899531,90.874854998
52711.7339364,-34.4312517064,-88.9121070996,6.23290073622e-05,179.782942367,-34.4311893774,90.8708352675
52955.1215616,-34.4712506866,-88.9171059829,6.17573859864e-05,179.783939979,-34.4711889292,90.8668339957
53199.6329885,-34.5112497984,-88.9220819071,6.11910069326e-05,179.784933005,-34.5111886074,90.862851098
53445.2734061,-34.5512490406,-88.9270349776,6.06298221227e-05,179.785921468,-34.5511884108,90.8588864901
53692.0480273,-34.5912484121,-88.9319652992,6.00737839242e-05,179.786905387,-34.5911883383,90.8549400881
53939.962089,-34.6312479116,-88.9368729762,5.95228451345e-05,179.787884785,-34.6311883888,90.8510118087
54189.0208525,-34.671247538,-88.9417581125,5.89769589889e-05,179.788859681,-34.6711885611,90.8471015687
54439.2296033,-34.7112472901,-88.9466208114,5.84360791527e-05,179.789830097,-34.711188854,90.8432092855
54690.5936512,-34.7512471668,-88.9514611758,5.79001597116e-05,179.790796052,-34.7511892666,90.8393348766
54943.1183305,-34.7912471668,-88.9562793083,5.73691551758e-05,179.791757569,-34.7911897977,90.8354782603
55196.8090004,-34.8312472892,-88.9610753108,5.68430204698e-05,179.792714666,-34.8311904461,90.8316393548
55451.6710446,-34.8712475327,-88.9658492847,5.6321710935e-05,179.793667364,-34.871191211,90.827818079
55707.7098716,-34.9112478962,-88.9706013313,5.58051823175e-05,179.794615683,-34.911192091,90.8240143521
55964.9309152,-34.9512483787,-88.9753315509,5.52933907744e-05,179.795559644,-34.9511930853,90.8202280936
56223.339634,-34.9912489791,-88.9800400438,5.47862928619e-05,179.796499267,-34.9911941928,90.8164592233
56482.9415118,-35.0312496962,-88.9847269096,5.42838455374e-05,179.797434571,-35.0311954124,90.8127076617
56743.742058,-35.0712505291,-88.9893922476,5.37860061478e-05,179.798365577,-35.0711967431,90.8089733292
57005.7468071,-35.1112514766,-88.9940361565,5.32927324373e-05,179.799292303,-35.1111981838,90.805256147
57268.9613194,-35.1512525377,-88.9986587346,5.2803982532e-05,179.800214771,-35.1511997337,90.8015560363
57533.3911807,-35.1912537113,-89.0032600797,5.23197149457e-05,179.801132999,-35.1912013916,90.7978729189
57799.0420027,-35.2312549965,-89.0078402893,5.18398885719e-05,179.802047006,-35.2312031566,90.7942067168
58065.919423,-35.2712563922,-89.0123994604,5.13644626804e-05,179.802956813,-35.2712050277,90.7905573525
58334.0291053,-35.3112578973,-89.0169376894,5.0893396917e-05,179.803862438,-35.3112070039,90.7869247488
58603.3767391,-35.351259511,-89.0214550725,5.04266512919e-05,179.804763901,-35.3512090843,90.7833088288
58873.9680407,-35.3912612321,-89.0259517052,4.99641861858e-05,179.805661221,-35.3912112679,90.7797095159
59145.8087524,-35.4312630598,-89.0304276829,4.95059623456e-05,179.806554417,-35.4312135538,90.7761267341
59418.9046432,-35.471264993,-89.0348831002,4.90519408731e-05,179.807443508,-35.471215941,90.7725604075
59693.2615086,-35.5112670307,-89.0393180515,4.86020832309e-05,179.808328512,-35.5112184286,90.7690104606
59968.8851711,-35.5512691721,-89.0437326307,4.81563512285e-05,179.809209449,-35.5512210157,90.7654768183
60245.7814797,-35.5912714161,-89.0481269313,4.77147070344e-05,179.810086337,-35.5912237014,90.7619594059
60523.9563108,-35.6312737618,-89.0525010464,4.72771131583e-05,179.810959195,-35.6312264847,90.7584581488
60803.4155677,-35.6712762083,-89.0568550684,4.6843532455e-05,179.811828041,-35.6712293648,90.754972973
61084.165181,-35.7112787546,-89.0611890898,4.64139281189e-05,179.812692895,-35.7112323407,90.7515038047
61366.2111088,-35.7512814,-89.0655032021,4.59882636857e-05,179.813553773,-35.7512354117,90.7480505706
61649.5593365,-35.7912841433,-89.0697974969,4.55665030209e-05,179.814410694,-35.7912385768,90.7446131974
61934.2158773,-35.8312869838,-89.0740720649,4.51486103255e-05,179.815263677,-35.8312418352,90.7411916125
62220.1867721,-35.8712899205,-89.0783269968,4.47345501228e-05,179.81611274,-35.8712451859,90.7377857434
62507.4780898,-35.9112929526,-89.0825623827,4.43242872694e-05,179.816957901,-35.9112486283,90.7343955181
62796.0959271,-35.9512960792,-89.0867783122,4.39177869404e-05,179.817799177,-35.9512521614,90.7310208647
63086.0464091,-35.9912992994,-89.0909748747,4.3515014627e-05,179.818636587,-35.9912557843,90.7276617119
63377.335689,-36.0313026123,-89.095152159,4.31159361407e-05,179.819470147,-36.0312594964,90.7243179885
63669.9699485,-36.0713060172,-89.0993102535,4.27205176053e-05,179.820299877,-36.0712632967,90.7209896237
63963.9553977,-36.1113095132,-89.1034492465,4.23287254571e-05,179.821125794,-36.1112671844,90.7176765472
64259.2982757,-36.1513130994,-89.1075692254,4.19405264391e-05,179.821947914,-36.1512711588,90.7143786886
64556.0048501,-36.191316775,-89.1116702777,4.15558875987e-05,179.822766256,-36.1912752191,90.7110959783
64854.0814175,-36.2313205392,-89.11575249,4.11747762828e-05,179.823580837,-36.2312793644,90.7078283468
65153.5343037,-36.2713243911,-89.119815949,4.07971601443e-05,179.824391674,-36.271283594,90.7045757248
65454.3698635,-36.3113283301,-89.1238607407,4.04230071298e-05,179.825198784,-36.3112879071,90.7013380435
65756.5944813,-36.3513323552,-89.1278869508,4.00522854749e-05,179.826002185,-36.3512923029,90.6981152343
66060.2145708,-36.3913364657,-89.1318946645,3.96849637141e-05,179.826801893,-36.3912967808,90.694907229
66365.2365753,-36.4313406609,-89.1358839667,3.93210106693e-05,179.827597926,-36.4313013398,90.6917139597
66671.6669679,-36.4713449398,-89.139854942,3.89603954403e-05,179.828390301,-36.4713059794,90.6885353588
66979.5122517,-36.5113493018,-89.1438076744,3.86030874198e-05,179.829179033,-36.5113106987,90.6853713589
67288.7789596,-36.5513537461,-89.1477422477,3.82490562783e-05,179.829964141,-36.5513154971,90.6822218931
67599.473655,-36.591358272,-89.1516587453,3.78982719622e-05,179.83074564,-36.5913203737,90.6790868947
67911.6029311,-36.6313628786,-89.1555572501,3.75507046954e-05,179.831523547,-36.6313253279,90.6759662972
68225.1734121,-36.6713675653,-89.1594378447,3.7206324974e-05,179.832297879,-36.671330359,90.6728600347
68540.1917523,-36.7113723314,-89.1633006113,3.68651035676e-05,179.833068653,-36.7113354663,90.6697680413
68856.6646372,-36.751377176,-89.1671456318,3.65270115085e-05,179.833835883,-36.751340649,90.6666902516
69174.5987827,-36.7913820985,-89.1709729876,3.61920200987e-05,179.834599588,-36.7913459065,90.6636266003
69494.0009359,-36.8313870982,-89.1747827598,3.58601009026e-05,179.835359782,-36.8313512381,90.6605770226
69814.8778753,-36.8713921743,-89.178575029,3.55312257449e-05,179.836116483,-36.8713566431,90.6575414539
70137.2364104,-36.9113973262,-89.1823498758,3.52053667089e-05,179.836869706,-36.9113621208,90.65451983
70461.0833821,-36.9514025531,-89.18610738,3.48824961361e-05,179.837619467,-36.9513676706,90.6515120867
70786.4256631,-36.9914078544,-89.1898476212,3.4562586615e-05,179.838365782,-36.9913732918,90.6485181605
71113.2701577,-37.0314132294,-89.1935706787,3.42456109925e-05,179.839108667,-37.0313789838,90.6455379879
71441.6238022,-37.0714186774,-89.1972766314,3.39315423624e-05,179.839848137,-37.0713847458,90.6425715058
71771.4935648,-37.1114241977,-89.2009655578,3.36203540633e-05,179.840584209,-37.1113905774,90.6396186514
72102.8864459,-37.1514297898,-89.204637536,3.33120196809e-05,179.841316898,-37.1513964777,90.6366793621
72435.8094783,-37.1914354528,-89.208292644,3.30065130436e-05,179.84204622,-37.1914024463,90.6337535756
72770.2697271,-37.2314411862,-89.211930959,3.27038082134e-05,179.842772189,-37.2314084824,90.6308412301
73106.2742903,-37.2714469894,-89.2155525583,3.2403879501e-05,179.843494822,-37.2714145855,90.6279422637
73443.8302984,-37.3114528616,-89.2191575185,3.21067014408e-05,179.844214134,-37.3114207549,90.6250566151
73782.944915,-37.3514588023,-89.222745916,3.18122488122e-05,179.844930139,-37.3514269901,90.6221842232
74123.6253367,-37.3914648108,-89.2263178269,3.15204966163e-05,179.845642854,-37.3914332903,90.6193250272
74465.8787933,-37.4314708866,-89.2298733269,3.12314200896e-05,179.846352293,-37.4314396551,90.6164789663
74809.712548,-37.4714770289,-89.2334124914,3.09449946941e-05,179.847058472,-37.4714460839,90.6136459805
75155.1338977,-37.5114832372,-89.2369353952,3.06611961136e-05,179.847761405,-37.511452576,90.6108260096
75502.1501728,-37.5514895108,-89.2404421131,3.03800002597e-05,179.848461107,-37.5514591308,90.6080189939
75850.7687375,-37.5914958493,-89.2439327194,3.01013832636e-05,179.849157593,-37.5914657479,90.605224874
76200.9969902,-37.6315022519,-89.2474072881,2.98253214727e-05,179.849850879,-37.6314724266,90.6024435906
76552.8423634,-37.6715087181,-89.2508658927,2.95517914559e-05,179.850540978,-37.6714791663,90.5996750849
76906.3123238,-37.7115152473,-89.2543086067,2.92807699908e-05,179.851227905,-37.7114859666,90.5969192981
77261.4143727,-37.751521839,-89.2577355029,2.90122340746e-05,179.851911675,-37.7514928267,90.594176172
77618.1560459,-37.7915284925,-89.2611466539,2.87461609108e-05,179.852592302,-37.7914997463,90.5914456483
77976.5449143,-37.8315352073,-89.2645421322,2.84825279133e-05,179.853269801,-37.8315067248,90.5887276693
78336.5885833,-37.8715419828,-89.2679220096,2.82213127042e-05,179.853944187,-37.8715137615,90.5860221773
78698.2946939,-37.9115488185,-89.2712863577,2.7962493112e-05,179.854615473,-37.911520856,90.583329115
79061.670922,-37.9515557139,-89.2746352479,2.77060471638e-05,179.855283673,-37.9515280078,90.5806484254
79426.7249791,-37.9915626683,-89.2779687512,2.74519530891e-05,179.855948803,-37.9915352163,90.5779800516
79793.4646124,-38.0315696812,-89.2812869382,2.72001893241e-05,179.856610875,-38.031542481,90.5753239372
80161.8976046,-38.0715767521,-89.2845898792,2.69507344936e-05,179.857269905,-38.0715498014,90.5726800258
80532.0317746,-38.1115838805,-89.2878776442,2.67035674233e-05,179.857925906,-38.111557177,90.5700482614
80903.8749774,-38.1515910659,-89.291150303,2.64586671335e-05,179.858578891,-38.1515646072,90.5674285883
81277.4351039,-38.1915983076,-89.2944079249,2.62160128355e-05,179.859228876,-38.1915720916,90.564820951
81652.720082,-38.2316056053,-89.2976505789,2.59755839295e-05,179.859875873,-38.2315796297,90.5622252941
82029.7378758,-38.2716129583,-89.3008783337,2.57373600068e-05,179.860519897,-38.271587221,90.5596415628
82408.4964862,-38.3116203662,-89.3040912579,2.55013208456e-05,179.86116096,-38.3115948649,90.5570697022
82789.0039512,-38.3516278285,-89.3072894194,2.52674464115e-05,179.861799077,-38.3516025611,90.5545096578
83171.2683459,-38.3916353447,-89.3104728861,2.50357168509e-05,179.862434262,-38.391610309,90.5519613754
83555.2977826,-38.4316429142,-89.3136417255,2.48061124918e-05,179.863066527,-38.4316181081,90.5494248011
83941.100411,-38.4716505367,-89.3167960048,2.45786138455e-05,179.863695886,-38.4716259581,90.5468998809
84328.6844186,-38.5116582115,-89.3199357907,2.43532015986e-05,179.864322352,-38.5116338583,90.5443865615
84718.0580306,-38.5516659383,-89.3230611498,2.4129856619e-05,179.864945939,-38.5516418085,90.5418847896
85109.2295102,-38.5916737166,-89.3261721485,2.39085599463e-05,179.865566661,-38.591649808,90.5393945121
85502.2071588,-38.6316815458,-89.3292688526,2.36892927958e-05,179.866184529,-38.6316578565,90.5369156763
85896.999316,-38.6716894255,-89.3323513278,2.34720365559e-05,179.866799558,-38.6716659535,90.5344482297
86293.6143601,-38.7116973553,-89.3354196395,2.32567727813e-05,179.867411759,-38.7116740985,90.5319921199
86692.0607078,-38.7517053346,-89.3384738526,2.3043483204e-05,179.868021147,-38.7516822912,90.5295472948
87092.346815,-38.7917133631,-89.341514032,2.28321497141e-05,179.868627735,-38.791690531,90.5271137028
87494.4811765,-38.8317214403,-89.3445402421,2.26227543753e-05,179.869231534,-38.8316988176,90.5246912922
87898.4723261,-38.8717295658,-89.3475525469,2.24152794113e-05,179.869832559,-38.8717071505,90.5222800117
88304.3288374,-38.911737739,-89.3505510105,2.22097072099e-05,179.870430821,-38.9117155293,90.5198798101
88712.0593234,-38.9517459596,-89.3535356964,2.20060203246e-05,179.871026333,-38.9517239535,90.5174906366
89121.6724367,-38.9917542271,-89.3565066677,2.18042014595e-05,179.871619108,-38.9917324229,90.5151124405
89533.1768701,-39.0317625411,-89.3594639876,2.16042334862e-05,179.872209159,-39.0317409368,90.5127451715
89946.5813566,-39.0717709011,-89.3624077187,2.1406099431e-05,179.872796498,-39.071749495,90.5103887794
90361.8946692,-39.1117793068,-89.3653379235,2.12097824722e-05,179.873381138,-39.1117580971,90.5080432141
90779.1256216,-39.1517877578,-89.368254664,2.10152659483e-05,179.87396309,-39.1517667425,90.5057084261
91198.2830682,-39.1917962535,-89.3711580021,2.08225333445e-05,179.874542368,-39.191775431,90.5033843658
91619.3759043,-39.2318047937,-89.3740479993,2.0631568302e-05,179.875118983,-39.2317841621,90.501070984
92042.4130663,-39.2718133778,-89.3769247169,2.04423546106e-05,179.875692949,-39.2717929355,90.4987682316
92467.4035316,-39.3118220056,-89.379788216,2.02548762087e-05,179.876264276,-39.3118017507,90.4964760598
92894.3563195,-39.3518306765,-89.3826385571,2.00691171812e-05,179.876832977,-39.3518106074,90.49419442
93323.2804905,-39.3918393902,-89.3854758009,1.98850617614e-05,179.877399065,-39.3918195052,90.4919232639
93754.1851472,-39.4318481464,-89.3883000073,1.97026943236e-05,179.877962551,-39.4318284437,90.4896625433
94187.0794342,-39.4718569445,-89.3911112363,1.95219993884e-05,179.878523447,-39.4718374225,90.4874122103
94621.9725382,-39.5118657843,-89.3939095475,1.93429616156e-05,179.879081765,-39.5118464413,90.4851722172
95058.8736884,-39.5518746653,-89.3966950002,1.91655658093e-05,179.879637517,-39.5518554997,90.4829425165
95497.7921568,-39.5918835872,-89.3994676535,1.89897969088e-05,179.880190714,-39.5918645974,90.4807230609
95938.7372578,-39.6318925496,-89.4022275662,1.88156399961e-05,179.88074137,-39.6318737339,90.4785138034
96381.7183492,-39.6719015521,-89.4049747967,1.86430802864e-05,179.881289494,-39.671882909,90.4763146972
96826.7448318,-39.7119105943,-89.4077094034,1.84721031315e-05,179.881835099,-39.7118921222,90.4741256956
97273.8261498,-39.751919676,-89.4104314443,1.83026940203e-05,179.882378197,-39.7519013733,90.4719467523
97722.9717911,-39.7919287967,-89.4131409769,1.81348385673e-05,179.882918798,-39.7919106618,90.469777821
98174.1912873,-39.831937956,-89.4158380589,1.79685225274e-05,179.883456915,-39.8319199875,90.4676188558
98627.4942142,-39.8719471537,-89.4185227473,1.78037317831e-05,179.883992558,-39.87192935,90.4654698109
99082.8901917,-39.9119563893,-89.4211950992,1.76404523458e-05,179.88452574,-39.9119387489,90.4633306407
99540.3888839,-39.9519656626,-89.4238551711,1.74786703526e-05,179.885056471,-39.9519481839,90.4612012998
100000,-39.9919749731,-89.4265030195,1.73183720714e-05,179.885584763,-39.9919576547,90.4590817433
